GEO.id,GEO.id2,GEO.display-label,HD01_VD01,HD02_VD01,HD01_VD02,HD02_VD02,HD01_VD03,HD02_VD03,HD01_VD04,HD02_VD04,HD01_VD05,HD02_VD05,HD01_VD06,HD02_VD06,HD01_VD07,HD02_VD07,HD01_VD08,HD02_VD08,HD01_VD09,HD02_VD09,HD01_VD10,HD02_VD10
Id,Id2,Geography,Estimate; Total:,Margin of Error; Total:,Estimate; Total: - White alone,Margin of Error; Total: - White alone,Estimate; Total: - Black or African American alone,Margin of Error; Total: - Black or African American alone,Estimate; Total: - American Indian and Alaska Native alone,Margin of Error; Total: - American Indian and Alaska Native alone,Estimate; Total: - Asian alone,Margin of Error; Total: - Asian alone,Estimate; Total: - Native Hawaiian and Other Pacific Islander alone,Margin of Error; Total: - Native Hawaiian and Other Pacific Islander alone,Estimate; Total: - Some other race alone,Margin of Error; Total: - Some other race alone,Estimate; Total: - Two or more races:,Margin of Error; Total: - Two or more races:,Estimate; Total: - Two or more races: - Two races including Some other race,Margin of Error; Total: - Two or more races: - Two races including Some other race,"Estimate; Total: - Two or more races: - Two races excluding Some other race, and three or more races","Margin of Error; Total: - Two or more races: - Two races excluding Some other race, and three or more races"
1500000US110010001001,110010001001,"Block Group 1, Census Tract 1, District of Columbia, District of Columbia",1431,343,1354,346,21,33,0,12,30,32,0,12,26,40,0,12,0,12,0,12
1500000US110010001002,110010001002,"Block Group 2, Census Tract 1, District of Columbia, District of Columbia",1367,290,1225,263,45,55,0,12,48,44,0,12,27,43,22,34,0,12,22,34
1500000US110010001003,110010001003,"Block Group 3, Census Tract 1, District of Columbia, District of Columbia",1209,332,1078,295,0,12,12,20,103,93,0,12,0,12,16,26,0,12,16,26
1500000US110010001004,110010001004,"Block Group 4, Census Tract 1, District of Columbia, District of Columbia",1202,311,1127,304,0,12,0,12,75,71,0,12,0,12,0,12,0,12,0,12
1500000US110010002011,110010002011,"Block Group 1, Census Tract 2.01, District of Columbia, District of Columbia",3685,384,2653,403,295,124,0,12,508,177,0,12,33,38,196,112,37,43,159,106
1500000US110010002021,110010002021,"Block Group 1, Census Tract 2.02, District of Columbia, District of Columbia",1208,347,1069,326,44,66,0,12,67,55,0,12,19,23,9,16,0,12,9,16
1500000US110010002022,110010002022,"Block Group 2, Census Tract 2.02, District of Columbia, District of Columbia",752,222,735,224,0,12,0,12,11,17,0,12,0,12,6,8,0,12,6,8
1500000US110010002023,110010002023,"Block Group 3, Census Tract 2.02, District of Columbia, District of Columbia",887,251,807,242,54,73,0,12,16,21,0,12,0,12,10,16,0,12,10,16
1500000US110010002024,110010002024,"Block Group 4, Census Tract 2.02, District of Columbia, District of Columbia",1970,459,1471,534,260,314,8,16,127,58,0,12,5,11,99,56,6,14,93,57
1500000US110010003001,110010003001,"Block Group 1, Census Tract 3, District of Columbia, District of Columbia",1174,290,1134,288,0,12,0,12,16,26,0,12,24,40,0,12,0,12,0,12
1500000US110010003002,110010003002,"Block Group 2, Census Tract 3, District of Columbia, District of Columbia",1486,306,1237,272,0,12,13,20,89,77,0,12,0,12,147,133,68,100,79,85
1500000US110010003003,110010003003,"Block Group 3, Census Tract 3, District of Columbia, District of Columbia",1593,612,1086,341,221,271,0,12,241,186,0,12,0,12,45,51,23,36,22,35
1500000US110010003004,110010003004,"Block Group 4, Census Tract 3, District of Columbia, District of Columbia",1842,372,1692,304,142,214,0,12,0,12,0,12,0,12,8,13,0,12,8,13
1500000US110010004001,110010004001,"Block Group 1, Census Tract 4, District of Columbia, District of Columbia",529,132,433,113,37,40,0,12,53,65,0,12,0,12,6,9,0,12,6,9
1500000US110010004002,110010004002,"Block Group 2, Census Tract 4, District of Columbia, District of Columbia",1049,178,832,161,52,50,0,12,77,45,0,12,21,28,67,46,0,12,67,46
1500000US110010005011,110010005011,"Block Group 1, Census Tract 5.01, District of Columbia, District of Columbia",1835,350,1510,331,97,63,49,70,107,62,0,12,0,12,72,77,0,12,72,77
1500000US110010005012,110010005012,"Block Group 2, Census Tract 5.01, District of Columbia, District of Columbia",1667,226,1345,220,58,57,38,60,42,40,0,12,103,139,81,61,18,28,63,54
1500000US110010005021,110010005021,"Block Group 1, Census Tract 5.02, District of Columbia, District of Columbia",1547,185,1334,187,30,30,0,12,116,73,0,12,15,23,52,43,11,18,41,37
1500000US110010005022,110010005022,"Block Group 2, Census Tract 5.02, District of Columbia, District of Columbia",1426,181,1226,200,94,61,0,12,48,40,0,12,25,31,33,38,0,12,33,38
1500000US110010006001,110010006001,"Block Group 1, Census Tract 6, District of Columbia, District of Columbia",1220,340,917,233,155,130,0,12,14,24,0,12,56,85,78,120,78,120,0,12
1500000US110010006002,110010006002,"Block Group 2, Census Tract 6, District of Columbia, District of Columbia",852,197,677,194,84,89,0,12,91,87,0,12,0,12,0,12,0,12,0,12
1500000US110010006003,110010006003,"Block Group 3, Census Tract 6, District of Columbia, District of Columbia",753,184,687,196,13,21,0,12,35,41,0,12,0,12,18,27,0,12,18,27
1500000US110010006004,110010006004,"Block Group 4, Census Tract 6, District of Columbia, District of Columbia",1897,296,1543,308,223,111,0,12,63,49,0,12,6,14,62,58,0,12,62,58
1500000US110010007011,110010007011,"Block Group 1, Census Tract 7.01, District of Columbia, District of Columbia",1261,293,826,207,217,199,0,12,155,153,0,12,0,12,63,77,0,12,63,77
1500000US110010007012,110010007012,"Block Group 2, Census Tract 7.01, District of Columbia, District of Columbia",1388,384,972,339,98,108,0,12,57,69,0,12,52,72,209,207,33,38,176,204
1500000US110010007013,110010007013,"Block Group 3, Census Tract 7.01, District of Columbia, District of Columbia",1614,319,1491,288,27,42,0,12,0,12,0,12,44,65,52,75,0,12,52,75
1500000US110010007014,110010007014,"Block Group 4, Census Tract 7.01, District of Columbia, District of Columbia",982,299,741,238,15,23,0,12,226,228,0,12,0,12,0,12,0,12,0,12
1500000US110010007021,110010007021,"Block Group 1, Census Tract 7.02, District of Columbia, District of Columbia",1409,282,1242,276,39,43,8,15,120,91,0,12,0,12,0,12,0,12,0,12
1500000US110010007022,110010007022,"Block Group 2, Census Tract 7.02, District of Columbia, District of Columbia",908,233,713,222,121,121,0,12,60,58,0,12,0,12,14,22,14,22,0,12
1500000US110010007023,110010007023,"Block Group 3, Census Tract 7.02, District of Columbia, District of Columbia",999,317,824,319,15,25,0,12,45,54,0,12,80,81,35,44,0,12,35,44
1500000US110010008011,110010008011,"Block Group 1, Census Tract 8.01, District of Columbia, District of Columbia",2150,345,1567,253,212,215,19,28,98,84,0,12,183,181,71,87,0,12,71,87
1500000US110010008012,110010008012,"Block Group 2, Census Tract 8.01, District of Columbia, District of Columbia",815,220,679,189,15,23,0,12,13,18,0,12,0,12,108,103,0,12,108,103
1500000US110010008013,110010008013,"Block Group 3, Census Tract 8.01, District of Columbia, District of Columbia",2478,539,2148,421,116,106,0,12,38,44,0,12,133,124,43,54,0,12,43,54
1500000US110010008014,110010008014,"Block Group 4, Census Tract 8.01, District of Columbia, District of Columbia",1132,447,821,374,20,20,0,12,146,89,0,12,20,27,125,78,4,10,121,76
1500000US110010008021,110010008021,"Block Group 1, Census Tract 8.02, District of Columbia, District of Columbia",1880,247,1241,226,275,187,0,12,218,113,0,12,14,22,132,78,37,41,95,72
1500000US110010008022,110010008022,"Block Group 2, Census Tract 8.02, District of Columbia, District of Columbia",1273,281,1109,236,67,82,0,12,71,93,0,12,26,29,0,12,0,12,0,12
1500000US110010009011,110010009011,"Block Group 1, Census Tract 9.01, District of Columbia, District of Columbia",1551,227,1343,213,47,44,0,12,46,37,0,12,21,19,94,78,0,12,94,78
1500000US110010009012,110010009012,"Block Group 2, Census Tract 9.01, District of Columbia, District of Columbia",1688,296,1488,268,82,69,0,12,81,87,0,12,21,26,16,19,0,12,16,19
1500000US110010009013,110010009013,"Block Group 3, Census Tract 9.01, District of Columbia, District of Columbia",4551,765,3569,820,501,264,8,14,278,124,0,12,89,73,106,64,13,22,93,66
1500000US110010009021,110010009021,"Block Group 1, Census Tract 9.02, District of Columbia, District of Columbia",888,181,782,161,42,49,0,12,35,31,0,12,10,16,19,28,0,12,19,28
1500000US110010009022,110010009022,"Block Group 2, Census Tract 9.02, District of Columbia, District of Columbia",1567,171,1411,174,24,28,0,12,44,32,0,12,20,30,68,46,0,12,68,46
1500000US110010010011,110010010011,"Block Group 1, Census Tract 10.01, District of Columbia, District of Columbia",935,303,658,256,22,35,0,12,70,52,0,12,0,12,185,154,0,12,185,154
1500000US110010010012,110010010012,"Block Group 2, Census Tract 10.01, District of Columbia, District of Columbia",1941,299,1602,270,99,73,0,12,137,111,0,12,12,19,91,85,0,12,91,85
1500000US110010010013,110010010013,"Block Group 3, Census Tract 10.01, District of Columbia, District of Columbia",1168,184,1010,213,0,12,0,12,72,91,0,12,0,12,86,108,0,12,86,108
1500000US110010010014,110010010014,"Block Group 4, Census Tract 10.01, District of Columbia, District of Columbia",1904,377,1676,358,75,62,0,12,46,42,0,12,52,76,55,58,0,12,55,58
1500000US110010010015,110010010015,"Block Group 5, Census Tract 10.01, District of Columbia, District of Columbia",801,227,674,208,0,12,0,12,25,39,0,12,0,12,102,154,0,12,102,154
1500000US110010010016,110010010016,"Block Group 6, Census Tract 10.01, District of Columbia, District of Columbia",1145,253,967,238,15,23,0,12,74,59,0,12,0,12,89,83,0,12,89,83
1500000US110010010021,110010010021,"Block Group 1, Census Tract 10.02, District of Columbia, District of Columbia",1262,405,956,398,36,40,0,12,193,141,0,12,21,33,56,59,0,12,56,59
1500000US110010010022,110010010022,"Block Group 2, Census Tract 10.02, District of Columbia, District of Columbia",1307,273,1073,220,130,90,0,12,104,125,0,12,0,12,0,12,0,12,0,12
1500000US110010010023,110010010023,"Block Group 3, Census Tract 10.02, District of Columbia, District of Columbia",928,255,751,260,28,32,0,12,84,83,0,12,0,12,65,62,0,12,65,62
1500000US110010011001,110010011001,"Block Group 1, Census Tract 11, District of Columbia, District of Columbia",1986,291,1675,285,203,175,0,12,85,68,0,12,0,12,23,42,0,12,23,42
1500000US110010011002,110010011002,"Block Group 2, Census Tract 11, District of Columbia, District of Columbia",1317,263,941,231,171,124,0,12,125,103,0,12,54,88,26,43,0,12,26,43
1500000US110010011003,110010011003,"Block Group 3, Census Tract 11, District of Columbia, District of Columbia",760,189,659,202,91,89,0,12,0,12,0,12,0,12,10,18,10,18,0,12
1500000US110010011004,110010011004,"Block Group 4, Census Tract 11, District of Columbia, District of Columbia",754,204,545,199,28,39,0,12,79,58,0,12,0,12,102,114,0,12,102,114
1500000US110010012001,110010012001,"Block Group 1, Census Tract 12, District of Columbia, District of Columbia",1825,279,1268,227,224,169,0,12,75,66,0,12,63,78,195,155,20,29,175,136
1500000US110010012002,110010012002,"Block Group 2, Census Tract 12, District of Columbia, District of Columbia",944,300,794,309,71,73,0,12,30,54,0,12,49,76,0,12,0,12,0,12
1500000US110010012003,110010012003,"Block Group 3, Census Tract 12, District of Columbia, District of Columbia",734,226,688,243,0,12,0,12,46,73,0,12,0,12,0,12,0,12,0,12
1500000US110010012004,110010012004,"Block Group 4, Census Tract 12, District of Columbia, District of Columbia",1405,297,1217,290,13,13,0,12,158,76,0,12,2,6,15,25,0,12,15,25
1500000US110010013011,110010013011,"Block Group 1, Census Tract 13.01, District of Columbia, District of Columbia",1771,349,1527,331,118,81,0,12,106,66,0,12,0,12,20,32,0,12,20,32
1500000US110010013012,110010013012,"Block Group 2, Census Tract 13.01, District of Columbia, District of Columbia",677,226,441,160,133,169,0,12,42,47,0,12,0,12,61,105,0,12,61,105
1500000US110010013013,110010013013,"Block Group 3, Census Tract 13.01, District of Columbia, District of Columbia",1568,372,1184,321,235,124,0,12,94,68,0,12,34,43,21,32,0,12,21,32
1500000US110010013021,110010013021,"Block Group 1, Census Tract 13.02, District of Columbia, District of Columbia",2409,385,1666,317,176,133,0,12,418,250,0,12,86,84,63,71,0,12,63,71
1500000US110010013022,110010013022,"Block Group 2, Census Tract 13.02, District of Columbia, District of Columbia",4549,543,3570,538,397,339,0,12,140,125,0,12,290,246,152,156,20,33,132,146
1500000US110010013023,110010013023,"Block Group 3, Census Tract 13.02, District of Columbia, District of Columbia",633,266,466,249,0,12,0,12,145,95,0,12,0,12,22,34,0,12,22,34
1500000US110010014011,110010014011,"Block Group 1, Census Tract 14.01, District of Columbia, District of Columbia",2209,198,1639,218,259,122,0,12,167,82,0,12,124,159,20,20,0,12,20,20
1500000US110010014012,110010014012,"Block Group 2, Census Tract 14.01, District of Columbia, District of Columbia",1160,176,1101,178,1,2,7,12,16,17,0,12,13,21,22,27,0,12,22,27
1500000US110010014021,110010014021,"Block Group 1, Census Tract 14.02, District of Columbia, District of Columbia",884,170,737,141,32,36,0,12,48,53,0,12,0,12,67,63,0,12,67,63
1500000US110010014022,110010014022,"Block Group 2, Census Tract 14.02, District of Columbia, District of Columbia",887,158,736,155,99,71,0,12,31,28,0,12,0,12,21,30,0,12,21,30
1500000US110010014023,110010014023,"Block Group 3, Census Tract 14.02, District of Columbia, District of Columbia",1557,316,941,234,239,98,21,35,215,140,0,12,101,94,40,40,0,12,40,40
1500000US110010015001,110010015001,"Block Group 1, Census Tract 15, District of Columbia, District of Columbia",1654,510,1110,293,380,355,0,12,71,62,0,12,0,12,93,95,0,12,93,95
1500000US110010015002,110010015002,"Block Group 2, Census Tract 15, District of Columbia, District of Columbia",1139,355,1041,348,0,12,0,12,0,12,0,12,0,12,98,135,0,12,98,135
1500000US110010015003,110010015003,"Block Group 3, Census Tract 15, District of Columbia, District of Columbia",937,288,793,287,129,82,0,12,15,27,0,12,0,12,0,12,0,12,0,12
1500000US110010015004,110010015004,"Block Group 4, Census Tract 15, District of Columbia, District of Columbia",1645,395,1402,365,188,130,0,12,55,64,0,12,0,12,0,12,0,12,0,12
1500000US110010015005,110010015005,"Block Group 5, Census Tract 15, District of Columbia, District of Columbia",975,263,901,253,0,12,0,12,0,12,0,12,19,31,55,87,0,12,55,87
1500000US110010016001,110010016001,"Block Group 1, Census Tract 16, District of Columbia, District of Columbia",1202,235,320,135,807,225,0,12,11,18,0,12,15,23,49,41,8,13,41,34
1500000US110010016002,110010016002,"Block Group 2, Census Tract 16, District of Columbia, District of Columbia",612,167,170,99,412,147,0,12,0,12,0,12,0,12,30,21,0,12,30,21
1500000US110010016003,110010016003,"Block Group 3, Census Tract 16, District of Columbia, District of Columbia",679,188,159,86,501,193,0,12,6,7,0,12,0,12,13,18,13,18,0,12
1500000US110010016004,110010016004,"Block Group 4, Census Tract 16, District of Columbia, District of Columbia",1682,303,465,133,1161,326,9,14,0,12,0,12,25,29,22,26,0,12,22,26
1500000US110010017021,110010017021,"Block Group 1, Census Tract 17.02, District of Columbia, District of Columbia",1620,296,790,151,637,240,0,12,13,22,9,14,153,183,18,20,0,12,18,20
1500000US110010017022,110010017022,"Block Group 2, Census Tract 17.02, District of Columbia, District of Columbia",1463,277,475,168,858,189,0,12,27,30,0,12,38,40,65,54,3,8,62,53
1500000US110010018031,110010018031,"Block Group 1, Census Tract 18.03, District of Columbia, District of Columbia",1350,274,184,115,922,167,0,12,16,25,0,12,85,132,143,204,9,14,134,203
1500000US110010018032,110010018032,"Block Group 2, Census Tract 18.03, District of Columbia, District of Columbia",2692,339,190,121,1690,282,8,15,0,12,0,12,745,323,59,49,12,19,47,45
1500000US110010018041,110010018041,"Block Group 1, Census Tract 18.04, District of Columbia, District of Columbia",1091,308,129,133,801,273,36,50,60,102,0,12,65,73,0,12,0,12,0,12
1500000US110010018042,110010018042,"Block Group 2, Census Tract 18.04, District of Columbia, District of Columbia",1832,626,515,569,1203,403,0,12,17,23,0,12,97,147,0,12,0,12,0,12
1500000US110010018043,110010018043,"Block Group 3, Census Tract 18.04, District of Columbia, District of Columbia",2696,635,326,234,1603,478,0,12,17,27,0,12,736,478,14,23,0,12,14,23
1500000US110010019011,110010019011,"Block Group 1, Census Tract 19.01, District of Columbia, District of Columbia",1117,271,107,90,1010,272,0,12,0,12,0,12,0,12,0,12,0,12,0,12
1500000US110010019012,110010019012,"Block Group 2, Census Tract 19.01, District of Columbia, District of Columbia",987,329,82,63,696,217,0,12,0,12,0,12,170,277,39,48,0,12,39,48
1500000US110010019013,110010019013,"Block Group 3, Census Tract 19.01, District of Columbia, District of Columbia",1095,279,253,139,668,180,0,12,38,68,0,12,136,153,0,12,0,12,0,12
1500000US110010019014,110010019014,"Block Group 4, Census Tract 19.01, District of Columbia, District of Columbia",798,271,206,143,532,250,0,12,48,65,0,12,12,18,0,12,0,12,0,12
1500000US110010019021,110010019021,"Block Group 1, Census Tract 19.02, District of Columbia, District of Columbia",1503,315,188,86,1055,254,6,10,10,15,0,12,201,187,43,39,0,12,43,39
1500000US110010019022,110010019022,"Block Group 2, Census Tract 19.02, District of Columbia, District of Columbia",834,161,93,61,641,194,0,12,11,11,0,12,44,57,45,46,5,8,40,45
1500000US110010020011,110010020011,"Block Group 1, Census Tract 20.01, District of Columbia, District of Columbia",1435,288,148,69,726,190,72,107,74,71,0,12,387,195,28,32,5,8,23,30
1500000US110010020012,110010020012,"Block Group 2, Census Tract 20.01, District of Columbia, District of Columbia",1413,218,695,193,513,167,6,11,24,25,0,12,132,133,43,38,13,17,30,33
1500000US110010020021,110010020021,"Block Group 1, Census Tract 20.02, District of Columbia, District of Columbia",1074,337,315,149,388,175,0,12,21,32,0,12,306,240,44,65,0,12,44,65
1500000US110010020022,110010020022,"Block Group 2, Census Tract 20.02, District of Columbia, District of Columbia",1528,509,448,286,922,400,0,12,7,12,0,12,123,151,28,38,7,11,21,36
1500000US110010020023,110010020023,"Block Group 3, Census Tract 20.02, District of Columbia, District of Columbia",1309,302,251,126,869,274,0,12,0,12,0,12,142,148,47,41,10,17,37,38
1500000US110010021011,110010021011,"Block Group 1, Census Tract 21.01, District of Columbia, District of Columbia",1563,468,40,49,1215,262,231,366,34,62,0,12,43,58,0,12,0,12,0,12
1500000US110010021012,110010021012,"Block Group 2, Census Tract 21.01, District of Columbia, District of Columbia",1053,406,165,118,558,358,0,12,73,92,0,12,240,263,17,27,0,12,17,27
1500000US110010021013,110010021013,"Block Group 3, Census Tract 21.01, District of Columbia, District of Columbia",1228,390,108,120,1096,390,0,12,0,12,0,12,0,12,24,38,0,12,24,38
1500000US110010021014,110010021014,"Block Group 4, Census Tract 21.01, District of Columbia, District of Columbia",991,491,221,249,364,200,0,12,0,12,0,12,398,504,8,14,0,12,8,14
1500000US110010021015,110010021015,"Block Group 5, Census Tract 21.01, District of Columbia, District of Columbia",1024,582,22,27,637,498,0,12,107,115,0,12,258,287,0,12,0,12,0,12
1500000US110010021021,110010021021,"Block Group 1, Census Tract 21.02, District of Columbia, District of Columbia",727,261,98,56,580,273,6,11,0,12,0,12,0,12,43,36,0,12,43,36
1500000US110010021022,110010021022,"Block Group 2, Census Tract 21.02, District of Columbia, District of Columbia",585,181,112,71,466,166,0,12,0,12,0,12,0,12,7,10,0,12,7,10
1500000US110010021023,110010021023,"Block Group 3, Census Tract 21.02, District of Columbia, District of Columbia",1149,323,81,68,847,313,36,43,0,12,0,12,149,166,36,36,0,12,36,36
1500000US110010021024,110010021024,"Block Group 4, Census Tract 21.02, District of Columbia, District of Columbia",1031,351,56,51,792,244,0,12,0,12,0,12,169,236,14,21,0,12,14,21
1500000US110010021025,110010021025,"Block Group 5, Census Tract 21.02, District of Columbia, District of Columbia",726,237,122,102,399,154,0,12,0,12,0,12,187,168,18,30,18,30,0,12
1500000US110010021026,110010021026,"Block Group 6, Census Tract 21.02, District of Columbia, District of Columbia",703,211,82,68,484,190,0,12,0,12,0,12,124,169,13,19,0,12,13,19
1500000US110010022011,110010022011,"Block Group 1, Census Tract 22.01, District of Columbia, District of Columbia",1555,372,161,74,1091,341,28,32,47,59,0,12,184,185,44,46,0,12,44,46
1500000US110010022012,110010022012,"Block Group 2, Census Tract 22.01, District of Columbia, District of Columbia",1146,350,135,89,750,270,0,12,38,42,0,12,208,219,15,24,0,12,15,24
1500000US110010022013,110010022013,"Block Group 3, Census Tract 22.01, District of Columbia, District of Columbia",1003,284,99,84,827,287,10,18,0,12,0,12,58,84,9,15,0,12,9,15
1500000US110010022021,110010022021,"Block Group 1, Census Tract 22.02, District of Columbia, District of Columbia",1998,558,160,116,1001,455,6,12,62,98,0,12,715,335,54,47,0,12,54,47
1500000US110010022022,110010022022,"Block Group 2, Census Tract 22.02, District of Columbia, District of Columbia",1084,314,63,70,949,332,0,12,0,12,0,12,41,48,31,39,0,12,31,39
1500000US110010022023,110010022023,"Block Group 3, Census Tract 22.02, District of Columbia, District of Columbia",892,288,68,62,605,236,0,12,0,12,0,12,211,177,8,13,0,12,8,13
1500000US110010023011,110010023011,"Block Group 1, Census Tract 23.01, District of Columbia, District of Columbia",1624,286,327,125,1131,319,0,12,50,52,0,12,58,58,58,56,28,43,30,37
1500000US110010023012,110010023012,"Block Group 2, Census Tract 23.01, District of Columbia, District of Columbia",1596,258,453,150,651,167,0,12,21,23,0,12,349,217,122,106,22,30,100,103
1500000US110010023021,110010023021,"Block Group 1, Census Tract 23.02, District of Columbia, District of Columbia",1711,235,669,215,813,200,0,12,105,101,0,12,80,75,44,42,15,21,29,36
1500000US110010024001,110010024001,"Block Group 1, Census Tract 24, District of Columbia, District of Columbia",589,163,161,68,301,105,0,12,39,33,0,12,71,114,17,17,1,3,16,17
1500000US110010024002,110010024002,"Block Group 2, Census Tract 24, District of Columbia, District of Columbia",1317,296,224,95,782,264,22,31,14,21,0,12,242,196,33,31,12,20,21,23
1500000US110010024003,110010024003,"Block Group 3, Census Tract 24, District of Columbia, District of Columbia",1046,228,269,139,718,235,0,12,28,31,0,12,9,14,22,33,0,12,22,33
1500000US110010024004,110010024004,"Block Group 4, Census Tract 24, District of Columbia, District of Columbia",1305,320,380,171,495,193,0,12,24,23,0,12,317,293,89,66,0,12,89,66
1500000US110010025011,110010025011,"Block Group 1, Census Tract 25.01, District of Columbia, District of Columbia",1138,322,380,206,630,263,0,12,0,12,0,12,86,97,42,53,13,48,29,27
1500000US110010025012,110010025012,"Block Group 2, Census Tract 25.01, District of Columbia, District of Columbia",1510,278,602,138,817,257,0,12,17,21,0,12,18,20,56,44,0,12,56,44
1500000US110010025021,110010025021,"Block Group 1, Census Tract 25.02, District of Columbia, District of Columbia",1037,359,299,240,447,204,10,21,46,43,0,12,205,256,30,33,0,12,30,33
1500000US110010025022,110010025022,"Block Group 2, Census Tract 25.02, District of Columbia, District of Columbia",1770,529,357,161,810,348,0,12,22,34,0,12,574,392,7,15,0,12,7,15
1500000US110010025023,110010025023,"Block Group 3, Census Tract 25.02, District of Columbia, District of Columbia",1308,831,233,164,975,823,0,12,67,80,0,12,0,12,33,36,20,31,13,20
1500000US110010025024,110010025024,"Block Group 4, Census Tract 25.02, District of Columbia, District of Columbia",1737,522,802,517,588,244,0,12,72,71,0,12,217,182,58,59,0,12,58,59
1500000US110010026001,110010026001,"Block Group 1, Census Tract 26, District of Columbia, District of Columbia",1161,179,632,135,295,98,11,14,52,54,0,12,98,71,73,49,0,12,73,49
1500000US110010026002,110010026002,"Block Group 2, Census Tract 26, District of Columbia, District of Columbia",1412,186,695,158,517,146,0,12,106,66,22,35,23,23,49,41,0,12,49,41
1500000US110010027011,110010027011,"Block Group 1, Census Tract 27.01, District of Columbia, District of Columbia",786,333,685,310,0,12,0,12,22,34,0,12,0,12,79,98,0,12,79,98
1500000US110010027012,110010027012,"Block Group 2, Census Tract 27.01, District of Columbia, District of Columbia",1553,329,1020,340,318,138,22,37,80,65,0,12,48,46,65,91,5,11,60,90
1500000US110010027013,110010027013,"Block Group 3, Census Tract 27.01, District of Columbia, District of Columbia",1018,250,798,251,29,31,0,12,29,44,0,12,0,12,162,143,0,12,162,143
1500000US110010027014,110010027014,"Block Group 4, Census Tract 27.01, District of Columbia, District of Columbia",2071,489,1132,370,410,184,0,12,18,29,0,12,431,537,80,78,45,67,35,40
1500000US110010027021,110010027021,"Block Group 1, Census Tract 27.02, District of Columbia, District of Columbia",1635,487,895,423,382,290,0,12,54,54,0,12,304,305,0,12,0,12,0,12
1500000US110010027022,110010027022,"Block Group 2, Census Tract 27.02, District of Columbia, District of Columbia",2713,442,2163,424,372,222,0,12,48,60,0,12,45,55,85,97,40,68,45,66
1500000US110010027023,110010027023,"Block Group 3, Census Tract 27.02, District of Columbia, District of Columbia",1952,363,1175,301,543,342,0,12,20,31,0,12,0,12,214,220,78,101,136,122
1500000US110010028011,110010028011,"Block Group 1, Census Tract 28.01, District of Columbia, District of Columbia",1237,262,420,108,716,228,0,12,29,30,0,12,19,22,53,46,0,12,53,46
1500000US110010028012,110010028012,"Block Group 2, Census Tract 28.01, District of Columbia, District of Columbia",2796,424,773,322,985,335,0,12,166,157,0,12,794,438,78,61,29,45,49,44
1500000US110010028021,110010028021,"Block Group 1, Census Tract 28.02, District of Columbia, District of Columbia",2661,381,1173,361,666,168,0,12,204,98,0,12,534,256,84,61,25,24,59,51
1500000US110010028022,110010028022,"Block Group 2, Census Tract 28.02, District of Columbia, District of Columbia",2089,452,1049,321,340,113,0,12,79,48,0,12,577,428,44,48,14,23,30,28
1500000US110010029001,110010029001,"Block Group 1, Census Tract 29, District of Columbia, District of Columbia",2113,335,898,191,740,266,7,14,117,55,0,12,232,210,119,93,63,87,56,45
1500000US110010029002,110010029002,"Block Group 2, Census Tract 29, District of Columbia, District of Columbia",2454,347,1326,250,507,261,0,12,70,56,0,12,457,290,94,72,0,12,94,72
1500000US110010030001,110010030001,"Block Group 1, Census Tract 30, District of Columbia, District of Columbia",1614,289,989,227,485,200,11,16,109,69,0,12,6,10,14,15,8,12,6,9
1500000US110010030002,110010030002,"Block Group 2, Census Tract 30, District of Columbia, District of Columbia",1920,345,613,205,1172,329,0,12,10,16,0,12,73,84,52,49,21,35,31,35
1500000US110010031001,110010031001,"Block Group 1, Census Tract 31, District of Columbia, District of Columbia",3350,406,1229,323,951,169,211,277,192,142,0,12,735,360,32,27,0,12,32,27
1500000US110010032001,110010032001,"Block Group 1, Census Tract 32, District of Columbia, District of Columbia",1015,342,309,186,559,310,0,12,45,42,0,12,89,94,13,26,13,26,0,12
1500000US110010032002,110010032002,"Block Group 2, Census Tract 32, District of Columbia, District of Columbia",1015,327,465,254,398,178,0,12,21,20,0,12,122,140,9,15,9,15,0,12
1500000US110010032003,110010032003,"Block Group 3, Census Tract 32, District of Columbia, District of Columbia",1572,449,670,314,685,315,0,12,85,80,0,12,118,153,14,16,0,12,14,16
1500000US110010032004,110010032004,"Block Group 4, Census Tract 32, District of Columbia, District of Columbia",1395,464,377,179,930,413,0,12,35,42,0,12,50,54,3,8,3,8,0,12
1500000US110010033011,110010033011,"Block Group 1, Census Tract 33.01, District of Columbia, District of Columbia",1417,324,590,241,570,245,0,12,103,83,0,12,97,132,57,58,0,12,57,58
1500000US110010033012,110010033012,"Block Group 2, Census Tract 33.01, District of Columbia, District of Columbia",1234,307,778,229,301,172,0,12,29,33,0,12,84,82,42,43,24,27,18,33
1500000US110010033013,110010033013,"Block Group 3, Census Tract 33.01, District of Columbia, District of Columbia",968,194,413,145,498,159,0,12,18,21,0,12,16,19,23,25,0,12,23,25
1500000US110010033021,110010033021,"Block Group 1, Census Tract 33.02, District of Columbia, District of Columbia",1219,189,458,120,604,167,0,12,71,48,0,12,52,72,34,34,0,12,34,34
1500000US110010033022,110010033022,"Block Group 2, Census Tract 33.02, District of Columbia, District of Columbia",1119,173,507,92,488,157,4,6,45,25,0,12,23,28,52,32,0,12,52,32
1500000US110010034001,110010034001,"Block Group 1, Census Tract 34, District of Columbia, District of Columbia",1522,349,405,179,1063,368,0,12,7,13,0,12,12,20,35,35,0,12,35,35
1500000US110010034002,110010034002,"Block Group 2, Census Tract 34, District of Columbia, District of Columbia",3194,452,926,264,2008,485,0,12,45,43,0,12,106,130,109,66,31,40,78,53
1500000US110010035001,110010035001,"Block Group 1, Census Tract 35, District of Columbia, District of Columbia",2104,445,823,383,973,333,0,12,205,164,0,12,51,57,52,33,0,12,52,33
1500000US110010035002,110010035002,"Block Group 2, Census Tract 35, District of Columbia, District of Columbia",3499,368,334,82,3070,357,0,12,60,47,0,12,0,12,35,37,0,12,35,37
1500000US110010036001,110010036001,"Block Group 1, Census Tract 36, District of Columbia, District of Columbia",1686,411,952,397,473,240,0,12,81,86,0,12,145,153,35,38,0,12,35,38
1500000US110010036002,110010036002,"Block Group 2, Census Tract 36, District of Columbia, District of Columbia",1522,409,790,389,648,324,0,12,21,26,0,12,47,60,16,25,0,12,16,25
1500000US110010036003,110010036003,"Block Group 3, Census Tract 36, District of Columbia, District of Columbia",1828,504,977,281,614,422,0,12,146,145,0,12,25,35,66,76,0,12,66,76
1500000US110010037001,110010037001,"Block Group 1, Census Tract 37, District of Columbia, District of Columbia",1811,393,965,321,645,295,0,12,154,146,0,12,0,12,47,56,0,12,47,56
1500000US110010037002,110010037002,"Block Group 2, Census Tract 37, District of Columbia, District of Columbia",2310,573,789,219,1307,562,0,12,118,91,0,12,69,69,27,37,0,12,27,37
1500000US110010037003,110010037003,"Block Group 3, Census Tract 37, District of Columbia, District of Columbia",1739,451,969,411,263,139,19,30,24,31,0,12,464,317,0,12,0,12,0,12
1500000US110010038001,110010038001,"Block Group 1, Census Tract 38, District of Columbia, District of Columbia",2396,461,1924,439,335,158,0,12,107,104,0,12,18,28,12,21,12,21,0,12
1500000US110010038002,110010038002,"Block Group 2, Census Tract 38, District of Columbia, District of Columbia",1732,294,1198,257,165,89,0,12,112,112,48,68,144,167,65,66,0,12,65,66
1500000US110010038003,110010038003,"Block Group 3, Census Tract 38, District of Columbia, District of Columbia",841,199,362,154,227,120,0,12,38,59,0,12,84,71,130,164,0,12,130,164
1500000US110010039001,110010039001,"Block Group 1, Census Tract 39, District of Columbia, District of Columbia",1334,251,907,205,193,111,0,12,155,105,0,12,38,62,41,67,22,36,19,31
1500000US110010039002,110010039002,"Block Group 2, Census Tract 39, District of Columbia, District of Columbia",1178,305,960,265,108,90,0,12,70,55,0,12,25,40,15,24,0,12,15,24
1500000US110010039003,110010039003,"Block Group 3, Census Tract 39, District of Columbia, District of Columbia",1161,226,987,208,100,46,20,31,33,40,0,12,0,12,21,33,0,12,21,33
1500000US110010039004,110010039004,"Block Group 4, Census Tract 39, District of Columbia, District of Columbia",819,232,639,166,105,94,0,12,54,84,0,12,0,12,21,34,0,12,21,34
1500000US110010040011,110010040011,"Block Group 1, Census Tract 40.01, District of Columbia, District of Columbia",1741,497,1524,489,43,50,0,12,90,63,0,12,41,60,43,50,31,48,12,18
1500000US110010040012,110010040012,"Block Group 2, Census Tract 40.01, District of Columbia, District of Columbia",503,132,490,128,13,22,0,12,0,12,0,12,0,12,0,12,0,12,0,12
1500000US110010040013,110010040013,"Block Group 3, Census Tract 40.01, District of Columbia, District of Columbia",1876,280,1484,341,70,52,0,12,97,82,63,93,162,162,0,12,0,12,0,12
1500000US110010040021,110010040021,"Block Group 1, Census Tract 40.02, District of Columbia, District of Columbia",729,242,654,225,10,15,0,12,42,45,0,12,0,12,23,25,0,12,23,25
1500000US110010040022,110010040022,"Block Group 2, Census Tract 40.02, District of Columbia, District of Columbia",1609,189,1352,175,117,93,10,16,87,62,0,12,19,19,24,22,0,12,24,22
1500000US110010040023,110010040023,"Block Group 3, Census Tract 40.02, District of Columbia, District of Columbia",660,149,564,140,50,73,0,12,46,43,0,12,0,12,0,12,0,12,0,12
1500000US110010041001,110010041001,"Block Group 1, Census Tract 41, District of Columbia, District of Columbia",1314,193,1164,196,36,51,0,12,66,40,0,12,21,31,27,26,17,21,10,15
1500000US110010041002,110010041002,"Block Group 2, Census Tract 41, District of Columbia, District of Columbia",729,142,518,141,7,11,0,12,78,63,0,12,95,140,31,36,0,12,31,36
1500000US110010041003,110010041003,"Block Group 3, Census Tract 41, District of Columbia, District of Columbia",716,205,601,179,74,93,0,12,30,24,0,12,8,13,3,8,0,12,3,8
1500000US110010042011,110010042011,"Block Group 1, Census Tract 42.01, District of Columbia, District of Columbia",1507,233,1221,194,124,110,0,12,88,59,0,12,74,118,0,12,0,12,0,12
1500000US110010042012,110010042012,"Block Group 2, Census Tract 42.01, District of Columbia, District of Columbia",2118,304,1745,251,110,100,19,28,70,64,0,12,27,30,147,108,51,59,96,85
1500000US110010042021,110010042021,"Block Group 1, Census Tract 42.02, District of Columbia, District of Columbia",1305,180,1064,149,52,40,9,13,135,80,0,12,20,22,25,27,0,12,25,27
1500000US110010042022,110010042022,"Block Group 2, Census Tract 42.02, District of Columbia, District of Columbia",1330,173,1081,153,30,31,0,12,110,57,0,12,37,60,72,50,22,31,50,38
1500000US110010043001,110010043001,"Block Group 1, Census Tract 43, District of Columbia, District of Columbia",2118,271,1424,285,435,129,0,12,48,33,0,12,55,103,156,142,69,96,87,89
1500000US110010043002,110010043002,"Block Group 2, Census Tract 43, District of Columbia, District of Columbia",1602,323,953,348,557,164,0,12,15,25,0,12,39,41,38,34,0,12,38,34
1500000US110010044001,110010044001,"Block Group 1, Census Tract 44, District of Columbia, District of Columbia",3495,357,2684,350,548,226,0,12,115,65,0,12,120,127,28,45,0,12,28,45
1500000US110010044002,110010044002,"Block Group 2, Census Tract 44, District of Columbia, District of Columbia",2207,464,1405,350,387,222,0,12,129,72,0,12,0,12,286,287,79,77,207,281
1500000US110010046001,110010046001,"Block Group 1, Census Tract 46, District of Columbia, District of Columbia",1036,272,289,132,690,243,0,12,29,32,0,12,0,12,28,44,0,12,28,44
1500000US110010046002,110010046002,"Block Group 2, Census Tract 46, District of Columbia, District of Columbia",1911,301,725,244,891,308,96,123,41,40,0,12,148,165,10,15,0,12,10,15
1500000US110010047011,110010047011,"Block Group 1, Census Tract 47.01, District of Columbia, District of Columbia",1536,559,0,12,1443,544,0,12,0,12,0,12,0,12,93,102,0,12,93,102
1500000US110010047012,110010047012,"Block Group 2, Census Tract 47.01, District of Columbia, District of Columbia",2942,526,801,224,1664,514,0,12,409,147,0,12,0,12,68,74,0,12,68,74
1500000US110010047021,110010047021,"Block Group 1, Census Tract 47.02, District of Columbia, District of Columbia",2558,226,1383,157,958,231,0,12,137,63,0,12,39,41,41,28,0,12,41,28
1500000US110010048011,110010048011,"Block Group 1, Census Tract 48.01, District of Columbia, District of Columbia",2223,284,861,182,1055,280,0,12,162,130,0,12,57,90,88,60,11,17,77,58
1500000US110010048021,110010048021,"Block Group 1, Census Tract 48.02, District of Columbia, District of Columbia",1278,241,647,158,467,223,0,12,100,71,0,12,19,31,45,35,0,12,45,35
1500000US110010048022,110010048022,"Block Group 2, Census Tract 48.02, District of Columbia, District of Columbia",2270,309,498,262,1264,274,0,12,304,164,0,12,157,244,47,34,0,12,47,34
1500000US110010049011,110010049011,"Block Group 1, Census Tract 49.01, District of Columbia, District of Columbia",1342,250,405,129,771,183,0,12,3,6,0,12,124,124,39,34,16,21,23,26
1500000US110010049012,110010049012,"Block Group 2, Census Tract 49.01, District of Columbia, District of Columbia",1258,269,720,183,303,160,0,12,179,126,0,12,23,24,33,32,0,12,33,32
1500000US110010049021,110010049021,"Block Group 1, Census Tract 49.02, District of Columbia, District of Columbia",646,196,338,135,168,122,0,12,63,52,0,12,77,88,0,12,0,12,0,12
1500000US110010049022,110010049022,"Block Group 2, Census Tract 49.02, District of Columbia, District of Columbia",2196,339,1130,209,441,192,11,17,220,83,0,12,300,353,94,93,56,89,38,29
1500000US110010050011,110010050011,"Block Group 1, Census Tract 50.01, District of Columbia, District of Columbia",839,213,624,145,42,43,0,12,38,27,0,12,9,13,126,116,0,12,126,116
1500000US110010050012,110010050012,"Block Group 2, Census Tract 50.01, District of Columbia, District of Columbia",1277,336,868,251,247,161,0,12,61,45,0,12,20,25,81,91,5,8,76,93
1500000US110010050021,110010050021,"Block Group 1, Census Tract 50.02, District of Columbia, District of Columbia",1709,352,589,201,769,268,0,12,113,84,0,12,208,204,30,33,0,12,30,33
1500000US110010050022,110010050022,"Block Group 2, Census Tract 50.02, District of Columbia, District of Columbia",1965,348,1388,289,143,116,24,28,126,95,30,47,69,88,185,156,0,12,185,156
1500000US110010050023,110010050023,"Block Group 3, Census Tract 50.02, District of Columbia, District of Columbia",1174,539,844,353,25,34,0,12,0,12,0,12,305,467,0,12,0,12,0,12
1500000US110010050024,110010050024,"Block Group 4, Census Tract 50.02, District of Columbia, District of Columbia",1203,382,548,170,270,119,0,12,93,101,0,12,238,223,54,87,54,87,0,12
1500000US110010052011,110010052011,"Block Group 1, Census Tract 52.01, District of Columbia, District of Columbia",2170,429,1626,389,133,76,0,12,151,96,0,12,82,160,178,150,0,12,178,150
1500000US110010052012,110010052012,"Block Group 2, Census Tract 52.01, District of Columbia, District of Columbia",1378,391,1287,387,0,12,0,12,39,46,0,12,52,45,0,12,0,12,0,12
1500000US110010052013,110010052013,"Block Group 3, Census Tract 52.01, District of Columbia, District of Columbia",797,255,489,165,0,12,0,12,69,54,0,12,33,52,206,237,140,224,66,76
1500000US110010052014,110010052014,"Block Group 4, Census Tract 52.01, District of Columbia, District of Columbia",1879,437,1482,321,94,119,0,12,232,195,0,12,71,114,0,12,0,12,0,12
1500000US110010053011,110010053011,"Block Group 1, Census Tract 53.01, District of Columbia, District of Columbia",878,169,799,165,0,12,0,12,0,12,0,12,0,12,79,44,15,23,64,45
1500000US110010053012,110010053012,"Block Group 2, Census Tract 53.01, District of Columbia, District of Columbia",1509,228,1262,225,13,22,23,33,151,94,0,12,0,12,60,40,0,12,60,40
1500000US110010053013,110010053013,"Block Group 3, Census Tract 53.01, District of Columbia, District of Columbia",1339,187,921,173,105,79,25,36,204,90,0,12,0,12,84,82,18,29,66,78
1500000US110010053014,110010053014,"Block Group 4, Census Tract 53.01, District of Columbia, District of Columbia",1273,256,1071,238,44,51,13,23,145,92,0,12,0,12,0,12,0,12,0,12
1500000US110010055001,110010055001,"Block Group 1, Census Tract 55, District of Columbia, District of Columbia",723,332,483,186,137,175,0,12,17,27,0,12,86,137,0,12,0,12,0,12
1500000US110010055002,110010055002,"Block Group 2, Census Tract 55, District of Columbia, District of Columbia",2613,520,2048,449,36,57,35,47,356,203,0,12,0,12,138,120,0,12,138,120
1500000US110010055003,110010055003,"Block Group 3, Census Tract 55, District of Columbia, District of Columbia",1535,374,1092,307,35,55,23,37,360,221,0,12,25,41,0,12,0,12,0,12
1500000US110010055004,110010055004,"Block Group 4, Census Tract 55, District of Columbia, District of Columbia",1098,300,877,285,163,99,0,12,11,25,0,12,41,55,6,13,0,12,6,13
1500000US110010055005,110010055005,"Block Group 5, Census Tract 55, District of Columbia, District of Columbia",663,217,485,175,27,46,0,12,26,38,0,12,0,12,125,111,49,89,76,69
1500000US110010056001,110010056001,"Block Group 1, Census Tract 56, District of Columbia, District of Columbia",2101,342,1604,344,90,88,0,12,235,100,0,12,27,45,145,139,66,110,79,83
1500000US110010056002,110010056002,"Block Group 2, Census Tract 56, District of Columbia, District of Columbia",1684,232,1368,274,180,144,0,12,98,63,0,12,6,15,32,40,16,32,16,26
1500000US110010056003,110010056003,"Block Group 3, Census Tract 56, District of Columbia, District of Columbia",1912,1095,1341,806,90,79,0,12,319,323,0,12,142,129,20,34,0,12,20,34
1500000US110010056004,110010056004,"Block Group 4, Census Tract 56, District of Columbia, District of Columbia",1267,353,973,338,100,58,0,12,180,137,0,12,10,13,4,9,0,12,4,9
1500000US110010058001,110010058001,"Block Group 1, Census Tract 58, District of Columbia, District of Columbia",1000,190,828,143,17,18,0,12,137,93,0,12,0,12,18,23,0,12,18,23
1500000US110010058002,110010058002,"Block Group 2, Census Tract 58, District of Columbia, District of Columbia",1781,312,1030,140,184,244,0,12,496,164,0,12,6,11,65,49,0,12,65,49
1500000US110010059001,110010059001,"Block Group 1, Census Tract 59, District of Columbia, District of Columbia",2882,299,1749,237,543,149,0,12,348,128,0,12,145,116,97,59,0,12,97,59
1500000US110010062021,110010062021,"Block Group 1, Census Tract 62.02, District of Columbia, District of Columbia",117,94,66,104,51,78,0,12,0,12,0,12,0,12,0,12,0,12,0,12
1500000US110010064001,110010064001,"Block Group 1, Census Tract 64, District of Columbia, District of Columbia",1256,238,74,59,1117,253,0,12,53,62,0,12,12,19,0,12,0,12,0,12
1500000US110010064002,110010064002,"Block Group 2, Census Tract 64, District of Columbia, District of Columbia",874,224,135,89,732,225,7,14,0,12,0,12,0,12,0,12,0,12,0,12
1500000US110010065001,110010065001,"Block Group 1, Census Tract 65, District of Columbia, District of Columbia",875,156,692,147,142,70,0,12,0,12,0,12,28,45,13,18,0,12,13,18
1500000US110010065002,110010065002,"Block Group 2, Census Tract 65, District of Columbia, District of Columbia",1708,313,1452,312,162,96,0,12,56,44,0,12,0,12,38,26,0,12,38,26
1500000US110010066001,110010066001,"Block Group 1, Census Tract 66, District of Columbia, District of Columbia",1904,208,1688,201,68,51,40,64,91,70,0,12,2,9,15,23,0,12,15,23
1500000US110010067001,110010067001,"Block Group 1, Census Tract 67, District of Columbia, District of Columbia",1406,198,950,162,384,122,0,12,22,27,0,12,0,12,50,42,18,28,32,33
1500000US110010067002,110010067002,"Block Group 2, Census Tract 67, District of Columbia, District of Columbia",1425,213,1232,203,138,95,0,12,24,22,0,12,9,13,22,24,0,12,22,24
1500000US110010067003,110010067003,"Block Group 3, Census Tract 67, District of Columbia, District of Columbia",1382,214,1200,211,56,58,0,12,96,84,0,12,8,13,22,25,8,13,14,22
1500000US110010068011,110010068011,"Block Group 1, Census Tract 68.01, District of Columbia, District of Columbia",1369,173,446,106,827,139,0,12,52,26,0,12,12,20,32,24,0,12,32,24
1500000US110010068012,110010068012,"Block Group 2, Census Tract 68.01, District of Columbia, District of Columbia",648,179,309,77,317,180,5,7,0,12,0,12,5,7,12,12,0,12,12,12
1500000US110010068021,110010068021,"Block Group 1, Census Tract 68.02, District of Columbia, District of Columbia",911,164,417,90,360,115,0,12,26,25,0,12,16,16,92,65,0,12,92,65
1500000US110010068022,110010068022,"Block Group 2, Census Tract 68.02, District of Columbia, District of Columbia",1431,202,879,174,481,152,22,26,20,18,0,12,8,10,21,21,0,12,21,21
1500000US110010068041,110010068041,"Block Group 1, Census Tract 68.04, District of Columbia, District of Columbia",2949,251,105,51,2706,250,0,12,0,12,0,12,118,71,20,18,5,11,15,18
1500000US110010069001,110010069001,"Block Group 1, Census Tract 69, District of Columbia, District of Columbia",1447,174,926,179,427,97,0,12,21,23,0,12,0,12,73,61,9,14,64,58
1500000US110010069002,110010069002,"Block Group 2, Census Tract 69, District of Columbia, District of Columbia",734,161,617,144,95,86,0,12,22,18,0,12,0,12,0,12,0,12,0,12
1500000US110010070001,110010070001,"Block Group 1, Census Tract 70, District of Columbia, District of Columbia",1367,275,1085,184,123,73,0,12,9,14,0,12,45,52,105,83,0,12,105,83
1500000US110010070002,110010070002,"Block Group 2, Census Tract 70, District of Columbia, District of Columbia",1427,335,1019,250,259,113,0,12,21,29,0,12,32,54,96,79,0,12,96,79
1500000US110010071001,110010071001,"Block Group 1, Census Tract 71, District of Columbia, District of Columbia",674,378,226,77,404,371,0,12,12,18,0,12,0,12,32,40,0,12,32,40
1500000US110010071002,110010071002,"Block Group 2, Census Tract 71, District of Columbia, District of Columbia",2390,382,951,205,1324,366,0,12,34,33,0,12,37,44,44,44,0,12,44,44
1500000US110010072001,110010072001,"Block Group 1, Census Tract 72, District of Columbia, District of Columbia",3358,332,2330,304,725,247,7,12,164,79,0,12,11,16,121,84,0,12,121,84
1500000US110010072002,110010072002,"Block Group 2, Census Tract 72, District of Columbia, District of Columbia",1226,467,853,461,322,122,0,12,25,30,0,12,0,12,26,41,0,12,26,41
1500000US110010073011,110010073011,"Block Group 1, Census Tract 73.01, District of Columbia, District of Columbia",4002,392,2674,386,974,339,13,20,78,57,0,12,138,143,125,74,23,20,102,68
1500000US110010073041,110010073041,"Block Group 1, Census Tract 73.04, District of Columbia, District of Columbia",2415,382,72,32,2321,392,0,12,0,12,0,12,0,12,22,28,0,12,22,28
1500000US110010073042,110010073042,"Block Group 2, Census Tract 73.04, District of Columbia, District of Columbia",803,234,50,48,719,252,0,12,0,12,0,12,0,12,34,55,34,55,0,12
1500000US110010073043,110010073043,"Block Group 3, Census Tract 73.04, District of Columbia, District of Columbia",296,151,0,12,296,151,0,12,0,12,0,12,0,12,0,12,0,12,0,12
1500000US110010074011,110010074011,"Block Group 1, Census Tract 74.01, District of Columbia, District of Columbia",1355,211,5,7,1346,212,0,12,4,7,0,12,0,12,0,12,0,12,0,12
1500000US110010074012,110010074012,"Block Group 2, Census Tract 74.01, District of Columbia, District of Columbia",1098,180,0,12,1092,180,0,12,6,9,0,12,0,12,0,12,0,12,0,12
1500000US110010074031,110010074031,"Block Group 1, Census Tract 74.03, District of Columbia, District of Columbia",3500,371,43,50,3426,383,0,12,0,12,0,12,31,57,0,12,0,12,0,12
1500000US110010074041,110010074041,"Block Group 1, Census Tract 74.04, District of Columbia, District of Columbia",2414,461,1,2,2373,451,16,32,0,12,0,12,0,12,24,34,0,12,24,34
1500000US110010074042,110010074042,"Block Group 2, Census Tract 74.04, District of Columbia, District of Columbia",1076,473,26,37,1050,472,0,12,0,12,0,12,0,12,0,12,0,12,0,12
1500000US110010074043,110010074043,"Block Group 3, Census Tract 74.04, District of Columbia, District of Columbia",305,209,0,12,305,209,0,12,0,12,0,12,0,12,0,12,0,12,0,12
1500000US110010074061,110010074061,"Block Group 1, Census Tract 74.06, District of Columbia, District of Columbia",2368,482,0,12,2317,480,0,12,0,12,12,19,4,7,35,59,0,12,35,59
1500000US110010074062,110010074062,"Block Group 2, Census Tract 74.06, District of Columbia, District of Columbia",693,247,0,12,693,247,0,12,0,12,0,12,0,12,0,12,0,12,0,12
1500000US110010074071,110010074071,"Block Group 1, Census Tract 74.07, District of Columbia, District of Columbia",868,224,0,12,868,224,0,12,0,12,0,12,0,12,0,12,0,12,0,12
1500000US110010074072,110010074072,"Block Group 2, Census Tract 74.07, District of Columbia, District of Columbia",1866,309,23,35,1794,307,0,12,0,12,0,12,0,12,49,53,0,12,49,53
1500000US110010074081,110010074081,"Block Group 1, Census Tract 74.08, District of Columbia, District of Columbia",3548,454,30,38,3305,454,9,14,0,12,0,12,170,182,34,50,34,50,0,12
1500000US110010074091,110010074091,"Block Group 1, Census Tract 74.09, District of Columbia, District of Columbia",938,297,17,26,921,296,0,12,0,12,0,12,0,12,0,12,0,12,0,12
1500000US110010074092,110010074092,"Block Group 2, Census Tract 74.09, District of Columbia, District of Columbia",1222,332,8,12,1214,331,0,12,0,12,0,12,0,12,0,12,0,12,0,12
1500000US110010074093,110010074093,"Block Group 3, Census Tract 74.09, District of Columbia, District of Columbia",1642,367,0,12,1596,343,0,12,46,74,0,12,0,12,0,12,0,12,0,12
1500000US110010075021,110010075021,"Block Group 1, Census Tract 75.02, District of Columbia, District of Columbia",3457,611,29,31,3411,606,0,12,0,12,0,12,0,12,17,20,0,12,17,20
1500000US110010075022,110010075022,"Block Group 2, Census Tract 75.02, District of Columbia, District of Columbia",1904,455,39,42,1865,457,0,12,0,12,0,12,0,12,0,12,0,12,0,12
1500000US110010075031,110010075031,"Block Group 1, Census Tract 75.03, District of Columbia, District of Columbia",707,187,34,32,646,198,0,12,0,12,0,12,11,17,16,17,0,12,16,17
1500000US110010075032,110010075032,"Block Group 2, Census Tract 75.03, District of Columbia, District of Columbia",1987,320,5,8,1977,322,0,12,5,8,0,12,0,12,0,12,0,12,0,12
1500000US110010075041,110010075041,"Block Group 1, Census Tract 75.04, District of Columbia, District of Columbia",2780,341,14,16,2765,341,1,2,0,12,0,12,0,12,0,12,0,12,0,12
1500000US110010076011,110010076011,"Block Group 1, Census Tract 76.01, District of Columbia, District of Columbia",822,330,10,21,795,332,0,12,0,12,17,28,0,12,0,12,0,12,0,12
1500000US110010076012,110010076012,"Block Group 2, Census Tract 76.01, District of Columbia, District of Columbia",352,112,11,17,332,110,0,12,0,12,0,12,9,15,0,12,0,12,0,12
1500000US110010076013,110010076013,"Block Group 3, Census Tract 76.01, District of Columbia, District of Columbia",1664,492,67,56,1597,489,0,12,0,12,0,12,0,12,0,12,0,12,0,12
1500000US110010076014,110010076014,"Block Group 4, Census Tract 76.01, District of Columbia, District of Columbia",753,304,9,15,719,302,25,38,0,12,0,12,0,12,0,12,0,12,0,12
1500000US110010076015,110010076015,"Block Group 5, Census Tract 76.01, District of Columbia, District of Columbia",591,298,7,15,584,298,0,12,0,12,0,12,0,12,0,12,0,12,0,12
1500000US110010076031,110010076031,"Block Group 1, Census Tract 76.03, District of Columbia, District of Columbia",1652,494,55,65,1575,494,0,12,0,12,0,12,0,12,22,36,0,12,22,36
1500000US110010076032,110010076032,"Block Group 2, Census Tract 76.03, District of Columbia, District of Columbia",543,237,0,12,522,242,0,12,21,31,0,12,0,12,0,12,0,12,0,12
1500000US110010076033,110010076033,"Block Group 3, Census Tract 76.03, District of Columbia, District of Columbia",551,270,80,83,389,276,0,12,46,57,0,12,0,12,36,61,15,27,21,35
1500000US110010076034,110010076034,"Block Group 4, Census Tract 76.03, District of Columbia, District of Columbia",1204,438,127,94,860,369,0,12,0,12,0,12,194,276,23,36,0,12,23,36
1500000US110010076041,110010076041,"Block Group 1, Census Tract 76.04, District of Columbia, District of Columbia",1378,323,2,4,1376,323,0,12,0,12,0,12,0,12,0,12,0,12,0,12
1500000US110010076042,110010076042,"Block Group 2, Census Tract 76.04, District of Columbia, District of Columbia",1382,250,134,86,1195,259,22,26,0,12,0,12,19,28,12,15,0,12,12,15
1500000US110010076043,110010076043,"Block Group 3, Census Tract 76.04, District of Columbia, District of Columbia",1006,278,21,24,944,280,41,36,0,12,0,12,0,12,0,12,0,12,0,12
1500000US110010076051,110010076051,"Block Group 1, Census Tract 76.05, District of Columbia, District of Columbia",760,198,36,40,631,191,34,51,30,41,0,12,0,12,29,36,0,12,29,36
1500000US110010076052,110010076052,"Block Group 2, Census Tract 76.05, District of Columbia, District of Columbia",2195,339,29,37,1988,300,0,12,134,165,0,12,0,12,44,68,0,12,44,68
1500000US110010076053,110010076053,"Block Group 3, Census Tract 76.05, District of Columbia, District of Columbia",654,274,18,23,602,246,0,12,0,12,0,12,0,12,34,52,0,12,34,52
1500000US110010077031,110010077031,"Block Group 1, Census Tract 77.03, District of Columbia, District of Columbia",712,246,0,12,712,246,0,12,0,12,0,12,0,12,0,12,0,12,0,12
1500000US110010077032,110010077032,"Block Group 2, Census Tract 77.03, District of Columbia, District of Columbia",1316,481,0,12,1277,478,0,12,0,12,0,12,39,60,0,12,0,12,0,12
1500000US110010077033,110010077033,"Block Group 3, Census Tract 77.03, District of Columbia, District of Columbia",2720,766,0,12,2703,769,0,12,17,28,0,12,0,12,0,12,0,12,0,12
1500000US110010077034,110010077034,"Block Group 4, Census Tract 77.03, District of Columbia, District of Columbia",519,319,0,12,519,319,0,12,0,12,0,12,0,12,0,12,0,12,0,12
1500000US110010077071,110010077071,"Block Group 1, Census Tract 77.07, District of Columbia, District of Columbia",2588,473,0,12,2583,478,0,12,0,12,0,12,0,12,5,9,0,12,5,9
1500000US110010077072,110010077072,"Block Group 2, Census Tract 77.07, District of Columbia, District of Columbia",1835,372,0,12,1819,375,0,12,0,12,0,12,0,12,16,18,0,12,16,18
1500000US110010077081,110010077081,"Block Group 1, Census Tract 77.08, District of Columbia, District of Columbia",1600,343,0,12,1600,343,0,12,0,12,0,12,0,12,0,12,0,12,0,12
1500000US110010077082,110010077082,"Block Group 2, Census Tract 77.08, District of Columbia, District of Columbia",1470,327,0,12,1470,327,0,12,0,12,0,12,0,12,0,12,0,12,0,12
1500000US110010077091,110010077091,"Block Group 1, Census Tract 77.09, District of Columbia, District of Columbia",1258,213,36,30,1154,210,0,12,0,12,0,12,45,61,23,27,0,12,23,27
1500000US110010077092,110010077092,"Block Group 2, Census Tract 77.09, District of Columbia, District of Columbia",907,209,1,2,847,203,0,12,0,12,0,12,15,26,44,44,17,24,27,29
1500000US110010078031,110010078031,"Block Group 1, Census Tract 78.03, District of Columbia, District of Columbia",832,334,10,16,720,328,42,58,4,7,0,12,43,61,13,21,0,12,13,21
1500000US110010078032,110010078032,"Block Group 2, Census Tract 78.03, District of Columbia, District of Columbia",630,259,0,12,627,258,0,12,0,12,0,12,0,12,3,11,0,12,3,11
1500000US110010078033,110010078033,"Block Group 3, Census Tract 78.03, District of Columbia, District of Columbia",678,434,22,25,413,187,0,12,0,12,0,12,214,296,29,39,29,39,0,12
1500000US110010078034,110010078034,"Block Group 4, Census Tract 78.03, District of Columbia, District of Columbia",1333,297,13,20,1207,276,0,12,0,12,0,12,113,142,0,12,0,12,0,12
1500000US110010078041,110010078041,"Block Group 1, Census Tract 78.04, District of Columbia, District of Columbia",910,346,15,12,795,311,0,12,0,12,0,12,91,145,9,20,0,12,9,20
1500000US110010078042,110010078042,"Block Group 2, Census Tract 78.04, District of Columbia, District of Columbia",1175,295,0,12,1140,297,0,12,8,12,0,12,0,12,27,44,0,12,27,44
1500000US110010078043,110010078043,"Block Group 3, Census Tract 78.04, District of Columbia, District of Columbia",1129,486,0,12,1115,487,0,12,0,12,0,12,0,12,14,22,0,12,14,22
1500000US110010078061,110010078061,"Block Group 1, Census Tract 78.06, District of Columbia, District of Columbia",1133,223,22,22,1088,218,13,20,0,12,0,12,0,12,10,17,0,12,10,17
1500000US110010078062,110010078062,"Block Group 2, Census Tract 78.06, District of Columbia, District of Columbia",947,265,35,37,903,263,0,12,0,12,0,12,3,5,6,8,0,12,6,8
1500000US110010078071,110010078071,"Block Group 1, Census Tract 78.07, District of Columbia, District of Columbia",1432,279,33,50,1367,287,0,12,12,17,0,12,0,12,20,22,0,12,20,22
1500000US110010078072,110010078072,"Block Group 2, Census Tract 78.07, District of Columbia, District of Columbia",882,207,0,12,882,207,0,12,0,12,0,12,0,12,0,12,0,12,0,12
1500000US110010078081,110010078081,"Block Group 1, Census Tract 78.08, District of Columbia, District of Columbia",2479,886,9,11,2381,871,0,12,31,46,0,12,40,59,18,28,0,12,18,28
1500000US110010078082,110010078082,"Block Group 2, Census Tract 78.08, District of Columbia, District of Columbia",694,218,12,18,682,211,0,12,0,12,0,12,0,12,0,12,0,12,0,12
1500000US110010078083,110010078083,"Block Group 3, Census Tract 78.08, District of Columbia, District of Columbia",1116,515,8,13,1090,514,0,12,7,11,0,12,0,12,11,17,0,12,11,17
1500000US110010078091,110010078091,"Block Group 1, Census Tract 78.09, District of Columbia, District of Columbia",1826,378,67,77,1706,372,0,12,0,12,0,12,0,12,53,51,7,15,46,49
1500000US110010078092,110010078092,"Block Group 2, Census Tract 78.09, District of Columbia, District of Columbia",979,299,0,12,923,298,12,20,16,23,0,12,0,12,28,43,28,43,0,12
1500000US110010079011,110010079011,"Block Group 1, Census Tract 79.01, District of Columbia, District of Columbia",286,138,29,35,248,134,0,12,0,12,0,12,0,12,9,15,9,15,0,12
1500000US110010079012,110010079012,"Block Group 2, Census Tract 79.01, District of Columbia, District of Columbia",1141,291,313,153,821,304,0,12,0,12,0,12,0,12,7,12,0,12,7,12
1500000US110010079013,110010079013,"Block Group 3, Census Tract 79.01, District of Columbia, District of Columbia",1508,341,241,107,1165,349,20,32,13,21,0,12,18,29,51,54,0,12,51,54
1500000US110010079014,110010079014,"Block Group 4, Census Tract 79.01, District of Columbia, District of Columbia",1016,201,191,106,795,196,8,13,0,12,0,12,14,21,8,13,0,12,8,13
1500000US110010079031,110010079031,"Block Group 1, Census Tract 79.03, District of Columbia, District of Columbia",1825,239,344,101,1370,242,7,13,32,21,0,12,7,10,65,34,9,14,56,31
1500000US110010080011,110010080011,"Block Group 1, Census Tract 80.01, District of Columbia, District of Columbia",1092,413,409,107,514,348,0,12,113,143,0,12,12,21,44,53,0,12,44,53
1500000US110010080012,110010080012,"Block Group 2, Census Tract 80.01, District of Columbia, District of Columbia",1347,210,805,157,406,157,0,12,81,57,0,12,15,18,40,44,0,12,40,44
1500000US110010080013,110010080013,"Block Group 3, Census Tract 80.01, District of Columbia, District of Columbia",745,228,538,193,155,74,0,12,33,51,0,12,0,12,19,23,0,12,19,23
1500000US110010080021,110010080021,"Block Group 1, Census Tract 80.02, District of Columbia, District of Columbia",1304,182,717,159,511,160,0,12,45,33,0,12,0,12,31,27,13,20,18,19
1500000US110010080022,110010080022,"Block Group 2, Census Tract 80.02, District of Columbia, District of Columbia",2242,282,1496,188,628,180,0,12,66,54,0,12,1,2,51,41,0,12,51,41
1500000US110010081001,110010081001,"Block Group 1, Census Tract 81, District of Columbia, District of Columbia",677,152,516,124,86,87,0,12,65,46,0,12,0,12,10,16,0,12,10,16
1500000US110010081002,110010081002,"Block Group 2, Census Tract 81, District of Columbia, District of Columbia",1537,197,1161,198,291,85,0,12,17,19,0,12,8,14,60,53,8,13,52,52
1500000US110010081003,110010081003,"Block Group 3, Census Tract 81, District of Columbia, District of Columbia",998,204,936,189,8,12,0,12,11,17,0,12,11,17,32,31,0,12,32,31
1500000US110010082001,110010082001,"Block Group 1, Census Tract 82, District of Columbia, District of Columbia",709,149,679,153,19,23,0,12,0,12,0,12,0,12,11,20,0,12,11,20
1500000US110010082002,110010082002,"Block Group 2, Census Tract 82, District of Columbia, District of Columbia",2220,263,1855,240,142,81,0,12,85,52,0,12,24,25,114,76,0,12,114,76
1500000US110010083011,110010083011,"Block Group 1, Census Tract 83.01, District of Columbia, District of Columbia",1092,242,755,155,214,111,0,12,55,68,0,12,21,28,47,39,0,12,47,39
1500000US110010083012,110010083012,"Block Group 2, Census Tract 83.01, District of Columbia, District of Columbia",1291,237,1110,232,51,44,0,12,47,43,0,12,0,12,83,68,0,12,83,68
1500000US110010083021,110010083021,"Block Group 1, Census Tract 83.02, District of Columbia, District of Columbia",2409,172,1775,131,445,128,1,4,118,55,0,12,11,13,59,37,5,7,54,36
1500000US110010084021,110010084021,"Block Group 1, Census Tract 84.02, District of Columbia, District of Columbia",1127,297,597,180,442,247,0,12,26,40,0,12,0,12,62,45,6,12,56,43
1500000US110010084022,110010084022,"Block Group 2, Census Tract 84.02, District of Columbia, District of Columbia",1006,185,482,150,440,147,0,12,26,26,0,12,16,26,42,57,0,12,42,57
1500000US110010084101,110010084101,"Block Group 1, Census Tract 84.10, District of Columbia, District of Columbia",1355,180,675,110,618,125,0,12,42,29,0,12,13,15,7,10,0,12,7,10
1500000US110010087011,110010087011,"Block Group 1, Census Tract 87.01, District of Columbia, District of Columbia",1328,325,558,143,747,293,0,12,0,12,0,12,7,12,16,16,0,12,16,16
1500000US110010087012,110010087012,"Block Group 2, Census Tract 87.01, District of Columbia, District of Columbia",983,273,247,95,727,268,0,12,0,12,0,12,0,12,9,16,0,12,9,16
1500000US110010087021,110010087021,"Block Group 1, Census Tract 87.02, District of Columbia, District of Columbia",1262,201,153,75,953,221,0,12,5,7,0,12,121,105,30,27,0,12,30,27
1500000US110010087022,110010087022,"Block Group 2, Census Tract 87.02, District of Columbia, District of Columbia",668,243,107,43,542,255,0,12,6,10,0,12,0,12,13,15,0,12,13,15
1500000US110010088021,110010088021,"Block Group 1, Census Tract 88.02, District of Columbia, District of Columbia",494,158,70,58,388,154,10,14,26,36,0,12,0,12,0,12,0,12,0,12
1500000US110010088022,110010088022,"Block Group 2, Census Tract 88.02, District of Columbia, District of Columbia",1456,347,245,112,1175,346,7,11,0,12,0,12,0,12,29,38,0,12,29,38
1500000US110010088023,110010088023,"Block Group 3, Census Tract 88.02, District of Columbia, District of Columbia",1427,334,341,123,946,355,52,69,56,63,0,12,0,12,32,37,0,12,32,37
1500000US110010088024,110010088024,"Block Group 4, Census Tract 88.02, District of Columbia, District of Columbia",1221,323,135,70,992,307,0,12,47,70,0,12,47,51,0,12,0,12,0,12
1500000US110010088031,110010088031,"Block Group 1, Census Tract 88.03, District of Columbia, District of Columbia",2148,446,649,171,1300,348,9,17,71,43,0,12,38,27,81,56,36,37,45,36
1500000US110010088041,110010088041,"Block Group 1, Census Tract 88.04, District of Columbia, District of Columbia",955,281,103,67,763,246,0,12,89,142,0,12,0,12,0,12,0,12,0,12
1500000US110010088042,110010088042,"Block Group 2, Census Tract 88.04, District of Columbia, District of Columbia",1487,280,117,95,1106,291,0,12,82,103,0,12,140,193,42,50,0,12,42,50
1500000US110010089031,110010089031,"Block Group 1, Census Tract 89.03, District of Columbia, District of Columbia",2353,387,279,151,1883,368,0,12,88,80,0,12,103,149,0,12,0,12,0,12
1500000US110010089032,110010089032,"Block Group 2, Census Tract 89.03, District of Columbia, District of Columbia",1112,426,0,12,1076,429,0,12,0,12,0,12,0,12,36,60,0,12,36,60
1500000US110010089041,110010089041,"Block Group 1, Census Tract 89.04, District of Columbia, District of Columbia",1882,339,73,62,1667,328,0,12,4,7,0,12,27,42,111,120,0,12,111,120
1500000US110010089042,110010089042,"Block Group 2, Census Tract 89.04, District of Columbia, District of Columbia",1164,323,69,53,744,202,0,12,56,78,0,12,295,284,0,12,0,12,0,12
1500000US110010090001,110010090001,"Block Group 1, Census Tract 90, District of Columbia, District of Columbia",1563,336,65,58,1480,340,0,12,0,12,0,12,0,12,18,19,0,12,18,19
1500000US110010090002,110010090002,"Block Group 2, Census Tract 90, District of Columbia, District of Columbia",1486,256,93,97,1356,266,0,12,9,14,0,12,0,12,28,44,28,44,0,12
1500000US110010091021,110010091021,"Block Group 1, Census Tract 91.02, District of Columbia, District of Columbia",915,284,36,25,795,254,0,12,0,12,0,12,84,132,0,12,0,12,0,12
1500000US110010091022,110010091022,"Block Group 2, Census Tract 91.02, District of Columbia, District of Columbia",2405,387,319,147,1994,387,0,12,22,26,0,12,28,59,42,35,0,12,42,35
1500000US110010091023,110010091023,"Block Group 3, Census Tract 91.02, District of Columbia, District of Columbia",1968,469,24,39,1864,476,0,12,20,25,0,12,50,64,10,16,10,16,0,12
1500000US110010092011,110010092011,"Block Group 1, Census Tract 92.01, District of Columbia, District of Columbia",2261,273,806,162,1200,210,0,12,32,25,0,12,59,57,164,111,67,92,97,61
1500000US110010092031,110010092031,"Block Group 1, Census Tract 92.03, District of Columbia, District of Columbia",1159,394,137,74,958,390,0,12,0,12,0,12,13,21,51,63,0,12,51,63
1500000US110010092032,110010092032,"Block Group 2, Census Tract 92.03, District of Columbia, District of Columbia",1453,363,380,164,954,352,0,12,0,12,0,12,12,18,107,86,43,53,64,59
1500000US110010092041,110010092041,"Block Group 1, Census Tract 92.04, District of Columbia, District of Columbia",1016,213,194,105,720,186,0,12,0,12,0,12,65,116,37,51,4,13,33,48
1500000US110010092042,110010092042,"Block Group 2, Census Tract 92.04, District of Columbia, District of Columbia",1769,279,66,69,1470,316,0,12,12,15,0,12,191,174,30,37,0,12,30,37
1500000US110010093011,110010093011,"Block Group 1, Census Tract 93.01, District of Columbia, District of Columbia",690,224,96,74,521,223,24,38,10,16,0,12,0,12,39,46,0,12,39,46
1500000US110010093012,110010093012,"Block Group 2, Census Tract 93.01, District of Columbia, District of Columbia",832,213,418,177,352,155,0,12,28,31,0,12,8,21,26,40,0,12,26,40
1500000US110010093013,110010093013,"Block Group 3, Census Tract 93.01, District of Columbia, District of Columbia",946,365,420,295,455,245,0,12,21,36,0,12,34,44,16,18,0,12,16,18
1500000US110010093014,110010093014,"Block Group 4, Census Tract 93.01, District of Columbia, District of Columbia",736,323,295,185,353,297,0,12,31,28,9,16,22,24,26,30,0,12,26,30
1500000US110010093021,110010093021,"Block Group 1, Census Tract 93.02, District of Columbia, District of Columbia",1053,143,237,58,617,113,0,12,124,140,0,12,58,52,17,16,0,12,17,16
1500000US110010094001,110010094001,"Block Group 1, Census Tract 94, District of Columbia, District of Columbia",671,236,35,34,636,238,0,12,0,12,0,12,0,12,0,12,0,12,0,12
1500000US110010094002,110010094002,"Block Group 2, Census Tract 94, District of Columbia, District of Columbia",1406,413,253,162,1123,409,0,12,0,12,0,12,30,45,0,12,0,12,0,12
1500000US110010094003,110010094003,"Block Group 3, Census Tract 94, District of Columbia, District of Columbia",1808,470,496,320,1216,451,0,12,38,32,0,12,17,27,41,50,0,12,41,50
1500000US110010094004,110010094004,"Block Group 4, Census Tract 94, District of Columbia, District of Columbia",965,340,143,129,795,279,0,12,27,32,0,12,0,12,0,12,0,12,0,12
1500000US110010095011,110010095011,"Block Group 1, Census Tract 95.01, District of Columbia, District of Columbia",2773,523,187,157,1733,445,0,12,0,12,0,12,606,402,247,272,0,12,247,272
1500000US110010095012,110010095012,"Block Group 2, Census Tract 95.01, District of Columbia, District of Columbia",939,463,7,12,678,357,0,12,2,6,0,12,247,237,5,12,0,12,5,12
1500000US110010095013,110010095013,"Block Group 3, Census Tract 95.01, District of Columbia, District of Columbia",3376,404,1729,299,1395,303,17,22,149,102,0,12,27,36,59,39,20,29,39,30
1500000US110010095031,110010095031,"Block Group 1, Census Tract 95.03, District of Columbia, District of Columbia",1615,350,215,184,1384,290,0,12,0,12,0,12,0,12,16,20,0,12,16,20
1500000US110010095032,110010095032,"Block Group 2, Census Tract 95.03, District of Columbia, District of Columbia",1032,289,225,128,765,330,0,12,0,12,0,12,4,9,38,57,0,12,38,57
1500000US110010095033,110010095033,"Block Group 3, Census Tract 95.03, District of Columbia, District of Columbia",700,183,342,144,329,155,0,12,21,33,0,12,0,12,8,13,0,12,8,13
1500000US110010095041,110010095041,"Block Group 1, Census Tract 95.04, District of Columbia, District of Columbia",1706,198,473,177,743,164,212,314,0,12,0,12,238,297,40,38,15,23,25,30
1500000US110010095042,110010095042,"Block Group 2, Census Tract 95.04, District of Columbia, District of Columbia",1609,359,236,103,1309,326,0,12,6,14,0,12,58,68,0,12,0,12,0,12
1500000US110010095051,110010095051,"Block Group 1, Census Tract 95.05, District of Columbia, District of Columbia",957,280,0,12,619,201,0,12,0,12,0,12,327,207,11,18,0,12,11,18
1500000US110010095052,110010095052,"Block Group 2, Census Tract 95.05, District of Columbia, District of Columbia",737,255,36,33,628,240,0,12,58,85,0,12,0,12,15,22,0,12,15,22
1500000US110010095053,110010095053,"Block Group 3, Census Tract 95.05, District of Columbia, District of Columbia",1007,311,116,133,867,316,15,23,9,22,0,12,0,12,0,12,0,12,0,12
1500000US110010095071,110010095071,"Block Group 1, Census Tract 95.07, District of Columbia, District of Columbia",1631,205,144,144,1482,231,0,12,0,12,0,12,0,12,5,8,0,12,5,8
1500000US110010095081,110010095081,"Block Group 1, Census Tract 95.08, District of Columbia, District of Columbia",941,321,223,141,620,274,0,12,78,80,0,12,20,30,0,12,0,12,0,12
1500000US110010095082,110010095082,"Block Group 2, Census Tract 95.08, District of Columbia, District of Columbia",1257,369,150,110,1087,350,0,12,0,12,0,12,0,12,20,24,0,12,20,24
1500000US110010095083,110010095083,"Block Group 3, Census Tract 95.08, District of Columbia, District of Columbia",1631,400,0,12,1321,387,0,12,0,12,0,12,310,276,0,12,0,12,0,12
1500000US110010095091,110010095091,"Block Group 1, Census Tract 95.09, District of Columbia, District of Columbia",1486,459,10,15,1027,232,0,12,0,12,0,12,421,394,28,44,0,12,28,44
1500000US110010095092,110010095092,"Block Group 2, Census Tract 95.09, District of Columbia, District of Columbia",894,347,0,12,894,347,0,12,0,12,0,12,0,12,0,12,0,12,0,12
1500000US110010095093,110010095093,"Block Group 3, Census Tract 95.09, District of Columbia, District of Columbia",1105,397,88,60,986,402,0,12,0,12,0,12,0,12,31,44,0,12,31,44
1500000US110010096011,110010096011,"Block Group 1, Census Tract 96.01, District of Columbia, District of Columbia",2211,281,6,6,2168,280,0,12,0,12,0,12,9,14,28,36,0,12,28,36
1500000US110010096021,110010096021,"Block Group 1, Census Tract 96.02, District of Columbia, District of Columbia",1582,371,25,26,1458,384,0,12,0,12,0,12,84,134,15,26,0,12,15,26
1500000US110010096022,110010096022,"Block Group 2, Census Tract 96.02, District of Columbia, District of Columbia",1875,395,0,12,1856,395,0,12,0,12,0,12,19,29,0,12,0,12,0,12
1500000US110010096031,110010096031,"Block Group 1, Census Tract 96.03, District of Columbia, District of Columbia",1536,420,0,12,1494,431,27,43,0,12,0,12,0,12,15,23,0,12,15,23
1500000US110010096032,110010096032,"Block Group 2, Census Tract 96.03, District of Columbia, District of Columbia",545,213,0,12,545,213,0,12,0,12,0,12,0,12,0,12,0,12,0,12
1500000US110010096033,110010096033,"Block Group 3, Census Tract 96.03, District of Columbia, District of Columbia",933,244,10,22,746,222,0,12,0,12,0,12,135,195,42,45,0,12,42,45
1500000US110010096041,110010096041,"Block Group 1, Census Tract 96.04, District of Columbia, District of Columbia",1154,203,42,42,1090,189,0,12,0,12,0,12,4,7,18,20,0,12,18,20
1500000US110010096042,110010096042,"Block Group 2, Census Tract 96.04, District of Columbia, District of Columbia",954,208,14,21,934,210,0,12,0,12,0,12,0,12,6,9,0,12,6,9
1500000US110010097001,110010097001,"Block Group 1, Census Tract 97, District of Columbia, District of Columbia",2558,452,0,12,2521,440,0,12,0,12,0,12,37,50,0,12,0,12,0,12
1500000US110010097002,110010097002,"Block Group 2, Census Tract 97, District of Columbia, District of Columbia",813,268,9,21,800,272,0,12,0,12,0,12,4,11,0,12,0,12,0,12
1500000US110010098011,110010098011,"Block Group 1, Census Tract 98.01, District of Columbia, District of Columbia",2159,300,32,33,1980,273,4,6,0,12,0,12,28,44,115,112,0,12,115,112
1500000US110010098021,110010098021,"Block Group 1, Census Tract 98.02, District of Columbia, District of Columbia",550,129,0,12,550,129,0,12,0,12,0,12,0,12,0,12,0,12,0,12
1500000US110010098022,110010098022,"Block Group 2, Census Tract 98.02, District of Columbia, District of Columbia",1096,201,3,5,1093,202,0,12,0,12,0,12,0,12,0,12,0,12,0,12
1500000US110010098031,110010098031,"Block Group 1, Census Tract 98.03, District of Columbia, District of Columbia",946,266,6,14,932,265,8,14,0,12,0,12,0,12,0,12,0,12,0,12
1500000US110010098032,110010098032,"Block Group 2, Census Tract 98.03, District of Columbia, District of Columbia",821,336,0,12,821,336,0,12,0,12,0,12,0,12,0,12,0,12,0,12
1500000US110010098033,110010098033,"Block Group 3, Census Tract 98.03, District of Columbia, District of Columbia",966,196,0,12,960,198,0,12,0,12,0,12,0,12,6,10,0,12,6,10
1500000US110010098041,110010098041,"Block Group 1, Census Tract 98.04, District of Columbia, District of Columbia",1798,302,14,23,1570,247,0,12,0,12,0,12,134,192,80,108,0,12,80,108
1500000US110010098042,110010098042,"Block Group 2, Census Tract 98.04, District of Columbia, District of Columbia",980,187,37,46,885,193,0,12,0,12,0,12,58,77,0,12,0,12,0,12
1500000US110010098071,110010098071,"Block Group 1, Census Tract 98.07, District of Columbia, District of Columbia",827,272,0,12,827,272,0,12,0,12,0,12,0,12,0,12,0,12,0,12
1500000US110010098072,110010098072,"Block Group 2, Census Tract 98.07, District of Columbia, District of Columbia",2216,405,76,61,2119,410,0,12,0,12,0,12,0,12,21,33,0,12,21,33
1500000US110010098101,110010098101,"Block Group 1, Census Tract 98.10, District of Columbia, District of Columbia",1503,367,0,12,1477,365,0,12,0,12,0,12,26,53,0,12,0,12,0,12
1500000US110010098102,110010098102,"Block Group 2, Census Tract 98.10, District of Columbia, District of Columbia",1173,295,0,12,1128,295,0,12,0,12,0,12,0,12,45,58,0,12,45,58
1500000US110010098111,110010098111,"Block Group 1, Census Tract 98.11, District of Columbia, District of Columbia",1847,512,0,12,1847,512,0,12,0,12,0,12,0,12,0,12,0,12,0,12
1500000US110010098112,110010098112,"Block Group 2, Census Tract 98.11, District of Columbia, District of Columbia",3171,534,0,12,3146,532,0,12,0,12,0,12,17,29,8,12,0,12,8,12
1500000US110010099011,110010099011,"Block Group 1, Census Tract 99.01, District of Columbia, District of Columbia",865,236,38,61,792,231,0,12,0,12,0,12,0,12,35,40,0,12,35,40
1500000US110010099012,110010099012,"Block Group 2, Census Tract 99.01, District of Columbia, District of Columbia",1698,263,80,78,1618,264,0,12,0,12,0,12,0,12,0,12,0,12,0,12
1500000US110010099021,110010099021,"Block Group 1, Census Tract 99.02, District of Columbia, District of Columbia",977,242,7,6,947,238,0,12,0,12,0,12,0,12,23,25,0,12,23,25
1500000US110010099022,110010099022,"Block Group 2, Census Tract 99.02, District of Columbia, District of Columbia",1803,318,21,22,1732,328,0,12,25,27,0,12,0,12,25,27,0,12,25,27
1500000US110010099031,110010099031,"Block Group 1, Census Tract 99.03, District of Columbia, District of Columbia",1304,222,42,31,1208,229,54,78,0,12,0,12,0,12,0,12,0,12,0,12
1500000US110010099032,110010099032,"Block Group 2, Census Tract 99.03, District of Columbia, District of Columbia",524,162,4,6,514,165,0,12,0,12,0,12,0,12,6,9,0,12,6,9
1500000US110010099041,110010099041,"Block Group 1, Census Tract 99.04, District of Columbia, District of Columbia",772,287,23,17,660,270,0,12,1,2,0,12,0,12,88,121,0,12,88,121
1500000US110010099042,110010099042,"Block Group 2, Census Tract 99.04, District of Columbia, District of Columbia",1690,291,43,48,1622,291,0,12,0,12,0,12,19,30,6,9,0,12,6,9
1500000US110010099051,110010099051,"Block Group 1, Census Tract 99.05, District of Columbia, District of Columbia",1243,370,132,203,1111,324,0,12,0,12,0,12,0,12,0,12,0,12,0,12
1500000US110010099052,110010099052,"Block Group 2, Census Tract 99.05, District of Columbia, District of Columbia",831,260,15,23,816,264,0,12,0,12,0,12,0,12,0,12,0,12,0,12
1500000US110010099053,110010099053,"Block Group 3, Census Tract 99.05, District of Columbia, District of Columbia",721,252,4,6,716,251,1,2,0,12,0,12,0,12,0,12,0,12,0,12
1500000US110010099061,110010099061,"Block Group 1, Census Tract 99.06, District of Columbia, District of Columbia",1521,188,37,43,1460,209,0,12,5,8,0,12,0,12,19,30,0,12,19,30
1500000US110010099071,110010099071,"Block Group 1, Census Tract 99.07, District of Columbia, District of Columbia",740,321,11,20,703,304,0,12,0,12,0,12,0,12,26,33,0,12,26,33
1500000US110010099072,110010099072,"Block Group 2, Census Tract 99.07, District of Columbia, District of Columbia",2150,338,0,12,2101,328,0,12,0,12,0,12,0,12,49,73,0,12,49,73
1500000US110010101001,110010101001,"Block Group 1, Census Tract 101, District of Columbia, District of Columbia",1901,234,1333,214,226,108,0,12,243,152,0,12,62,48,37,30,0,12,37,30
1500000US110010101002,110010101002,"Block Group 2, Census Tract 101, District of Columbia, District of Columbia",723,157,436,137,98,49,0,12,140,67,0,12,33,43,16,18,0,12,16,18
1500000US110010102001,110010102001,"Block Group 1, Census Tract 102, District of Columbia, District of Columbia",1044,236,509,178,458,216,0,12,22,18,0,12,0,12,55,44,0,12,55,44
1500000US110010102002,110010102002,"Block Group 2, Census Tract 102, District of Columbia, District of Columbia",1493,299,664,161,613,303,0,12,93,74,0,12,0,12,123,81,18,26,105,77
1500000US110010103001,110010103001,"Block Group 1, Census Tract 103, District of Columbia, District of Columbia",904,249,423,149,386,178,7,13,46,47,0,12,0,12,42,49,0,12,42,49
1500000US110010103002,110010103002,"Block Group 2, Census Tract 103, District of Columbia, District of Columbia",1312,321,139,86,955,244,0,12,11,17,0,12,160,232,47,42,0,12,47,42
1500000US110010103003,110010103003,"Block Group 3, Census Tract 103, District of Columbia, District of Columbia",1246,302,204,111,695,250,0,12,17,24,0,12,257,202,73,65,52,58,21,23
1500000US110010104001,110010104001,"Block Group 1, Census Tract 104, District of Columbia, District of Columbia",1915,477,194,136,1636,485,0,12,0,12,0,12,19,29,66,54,38,59,28,33
1500000US110010104002,110010104002,"Block Group 2, Census Tract 104, District of Columbia, District of Columbia",2559,465,166,88,2380,471,0,12,0,12,0,12,5,12,8,13,0,12,8,13
1500000US110010105001,110010105001,"Block Group 1, Census Tract 105, District of Columbia, District of Columbia",1591,354,510,178,1035,315,4,10,0,12,0,12,42,53,0,12,0,12,0,12
1500000US110010105002,110010105002,"Block Group 2, Census Tract 105, District of Columbia, District of Columbia",1827,238,986,191,517,205,18,29,188,147,23,37,8,14,87,76,0,12,87,76
1500000US110010106001,110010106001,"Block Group 1, Census Tract 106, District of Columbia, District of Columbia",936,244,300,131,636,236,0,12,0,12,0,12,0,12,0,12,0,12,0,12
1500000US110010106002,110010106002,"Block Group 2, Census Tract 106, District of Columbia, District of Columbia",4028,403,2839,316,673,232,28,32,286,97,17,27,92,105,93,49,0,12,93,49
1500000US110010106003,110010106003,"Block Group 3, Census Tract 106, District of Columbia, District of Columbia",819,282,478,179,267,198,17,27,0,12,0,12,42,48,15,21,0,12,15,21
1500000US110010107001,110010107001,"Block Group 1, Census Tract 107, District of Columbia, District of Columbia",822,143,636,141,51,30,0,12,99,66,0,12,9,14,27,19,4,11,23,15
1500000US110010107002,110010107002,"Block Group 2, Census Tract 107, District of Columbia, District of Columbia",999,199,746,135,26,26,0,12,185,181,0,12,10,14,32,35,0,12,32,35
1500000US110010108001,110010108001,"Block Group 1, Census Tract 108, District of Columbia, District of Columbia",1330,255,861,221,195,106,0,12,193,87,0,12,5,13,76,50,13,20,63,42
1500000US110010108002,110010108002,"Block Group 2, Census Tract 108, District of Columbia, District of Columbia",2263,297,1516,264,189,124,11,14,381,128,0,12,56,51,110,67,6,10,104,68
1500000US110010108003,110010108003,"Block Group 3, Census Tract 108, District of Columbia, District of Columbia",2696,768,1984,757,327,159,0,12,276,150,0,12,18,24,91,44,0,12,91,44
1500000US110010109001,110010109001,"Block Group 1, Census Tract 109, District of Columbia, District of Columbia",2205,600,17,21,2131,594,0,12,0,12,0,12,0,12,57,64,17,26,40,49
1500000US110010109002,110010109002,"Block Group 2, Census Tract 109, District of Columbia, District of Columbia",2070,858,48,57,1992,896,0,12,7,12,0,12,20,29,3,7,0,12,3,7
1500000US110010110001,110010110001,"Block Group 1, Census Tract 110, District of Columbia, District of Columbia",632,378,310,333,277,164,22,34,0,12,0,12,0,12,23,35,23,35,0,12
1500000US110010110002,110010110002,"Block Group 2, Census Tract 110, District of Columbia, District of Columbia",807,186,616,156,96,55,0,12,66,54,0,12,0,12,29,45,0,12,29,45
1500000US110010110003,110010110003,"Block Group 3, Census Tract 110, District of Columbia, District of Columbia",688,199,551,196,137,95,0,12,0,12,0,12,0,12,0,12,0,12,0,12
1500000US110010110004,110010110004,"Block Group 4, Census Tract 110, District of Columbia, District of Columbia",1425,238,847,170,430,200,0,12,85,64,0,12,25,39,38,37,0,12,38,37
1500000US110010111001,110010111001,"Block Group 1, Census Tract 111, District of Columbia, District of Columbia",1675,407,295,203,1355,396,0,12,7,11,0,12,0,12,18,21,0,12,18,21
1500000US110010111002,110010111002,"Block Group 2, Census Tract 111, District of Columbia, District of Columbia",2222,400,246,197,1928,460,0,12,0,12,0,12,7,10,41,38,8,12,33,31
1500000US110010111003,110010111003,"Block Group 3, Census Tract 111, District of Columbia, District of Columbia",1593,377,119,92,1454,371,0,12,6,14,0,12,7,16,7,14,0,12,7,14
