GEO.id,GEO.id2,GEO.display-label,HD01_VD01,HD02_VD01
Id,Id2,Geography,Estimate; Median household income in the past 12 months (in 2015 Inflation-adjusted dollars),Margin of Error; Median household income in the past 12 months (in 2015 Inflation-adjusted dollars)
1500000US110010001001,110010001001,"Block Group 1, Census Tract 1, District of Columbia, District of Columbia",141792,64877
1500000US110010001002,110010001002,"Block Group 2, Census Tract 1, District of Columbia, District of Columbia",124808,28532
1500000US110010001003,110010001003,"Block Group 3, Census Tract 1, District of Columbia, District of Columbia",237604,51815
1500000US110010001004,110010001004,"Block Group 4, Census Tract 1, District of Columbia, District of Columbia",240045,89074
1500000US110010002011,110010002011,"Block Group 1, Census Tract 2.01, District of Columbia, District of Columbia",-,**
1500000US110010002021,110010002021,"Block Group 1, Census Tract 2.02, District of Columbia, District of Columbia",192750,74345
1500000US110010002022,110010002022,"Block Group 2, Census Tract 2.02, District of Columbia, District of Columbia",188846,35193
1500000US110010002023,110010002023,"Block Group 3, Census Tract 2.02, District of Columbia, District of Columbia",109583,99803
1500000US110010002024,110010002024,"Block Group 4, Census Tract 2.02, District of Columbia, District of Columbia",101250,80099
1500000US110010003001,110010003001,"Block Group 1, Census Tract 3, District of Columbia, District of Columbia",127778,30128
1500000US110010003002,110010003002,"Block Group 2, Census Tract 3, District of Columbia, District of Columbia",83720,12213
1500000US110010003003,110010003003,"Block Group 3, Census Tract 3, District of Columbia, District of Columbia",135547,90657
1500000US110010003004,110010003004,"Block Group 4, Census Tract 3, District of Columbia, District of Columbia",186591,31742
1500000US110010004001,110010004001,"Block Group 1, Census Tract 4, District of Columbia, District of Columbia","250,000+",***
1500000US110010004002,110010004002,"Block Group 2, Census Tract 4, District of Columbia, District of Columbia",110234,21427
1500000US110010005011,110010005011,"Block Group 1, Census Tract 5.01, District of Columbia, District of Columbia",104741,10499
1500000US110010005012,110010005012,"Block Group 2, Census Tract 5.01, District of Columbia, District of Columbia",108875,19670
1500000US110010005021,110010005021,"Block Group 1, Census Tract 5.02, District of Columbia, District of Columbia",132614,17049
1500000US110010005022,110010005022,"Block Group 2, Census Tract 5.02, District of Columbia, District of Columbia",109444,18301
1500000US110010006001,110010006001,"Block Group 1, Census Tract 6, District of Columbia, District of Columbia",155833,27258
1500000US110010006002,110010006002,"Block Group 2, Census Tract 6, District of Columbia, District of Columbia",239545,96080
1500000US110010006003,110010006003,"Block Group 3, Census Tract 6, District of Columbia, District of Columbia",111098,110046
1500000US110010006004,110010006004,"Block Group 4, Census Tract 6, District of Columbia, District of Columbia",179861,118800
1500000US110010007011,110010007011,"Block Group 1, Census Tract 7.01, District of Columbia, District of Columbia",62985,12112
1500000US110010007012,110010007012,"Block Group 2, Census Tract 7.01, District of Columbia, District of Columbia",62018,21573
1500000US110010007013,110010007013,"Block Group 3, Census Tract 7.01, District of Columbia, District of Columbia",111250,22579
1500000US110010007014,110010007014,"Block Group 4, Census Tract 7.01, District of Columbia, District of Columbia",82868,82214
1500000US110010007021,110010007021,"Block Group 1, Census Tract 7.02, District of Columbia, District of Columbia",89800,13080
1500000US110010007022,110010007022,"Block Group 2, Census Tract 7.02, District of Columbia, District of Columbia",51477,4271
1500000US110010007023,110010007023,"Block Group 3, Census Tract 7.02, District of Columbia, District of Columbia",100028,30290
1500000US110010008011,110010008011,"Block Group 1, Census Tract 8.01, District of Columbia, District of Columbia",77214,31099
1500000US110010008012,110010008012,"Block Group 2, Census Tract 8.01, District of Columbia, District of Columbia","250,000+",***
1500000US110010008013,110010008013,"Block Group 3, Census Tract 8.01, District of Columbia, District of Columbia",196161,49988
1500000US110010008021,110010008021,"Block Group 1, Census Tract 8.02, District of Columbia, District of Columbia",82621,14851
1500000US110010008022,110010008022,"Block Group 2, Census Tract 8.02, District of Columbia, District of Columbia",140556,64372
1500000US110010009011,110010009011,"Block Group 1, Census Tract 9.01, District of Columbia, District of Columbia",199028,50631
1500000US110010009012,110010009012,"Block Group 2, Census Tract 9.01, District of Columbia, District of Columbia",230972,65527
1500000US110010009013,110010009013,"Block Group 3, Census Tract 9.01, District of Columbia, District of Columbia",241528,43778
1500000US110010009021,110010009021,"Block Group 1, Census Tract 9.02, District of Columbia, District of Columbia",212500,26982
1500000US110010009022,110010009022,"Block Group 2, Census Tract 9.02, District of Columbia, District of Columbia",192039,24488
1500000US110010010011,110010010011,"Block Group 1, Census Tract 10.01, District of Columbia, District of Columbia",136974,30589
1500000US110010010012,110010010012,"Block Group 2, Census Tract 10.01, District of Columbia, District of Columbia",136012,24064
1500000US110010010013,110010010013,"Block Group 3, Census Tract 10.01, District of Columbia, District of Columbia","250,000+",***
1500000US110010010014,110010010014,"Block Group 4, Census Tract 10.01, District of Columbia, District of Columbia",180893,37373
1500000US110010010015,110010010015,"Block Group 5, Census Tract 10.01, District of Columbia, District of Columbia",132333,51495
1500000US110010010016,110010010016,"Block Group 6, Census Tract 10.01, District of Columbia, District of Columbia",159375,47587
1500000US110010010022,110010010022,"Block Group 2, Census Tract 10.02, District of Columbia, District of Columbia",92198,18586
1500000US110010010023,110010010023,"Block Group 3, Census Tract 10.02, District of Columbia, District of Columbia",130144,47025
1500000US110010011001,110010011001,"Block Group 1, Census Tract 11, District of Columbia, District of Columbia",142206,37735
1500000US110010011002,110010011002,"Block Group 2, Census Tract 11, District of Columbia, District of Columbia",137308,63074
1500000US110010011003,110010011003,"Block Group 3, Census Tract 11, District of Columbia, District of Columbia",237578,187719
1500000US110010011004,110010011004,"Block Group 4, Census Tract 11, District of Columbia, District of Columbia",164226,66065
1500000US110010012001,110010012001,"Block Group 1, Census Tract 12, District of Columbia, District of Columbia",82685,4804
1500000US110010012002,110010012002,"Block Group 2, Census Tract 12, District of Columbia, District of Columbia",94857,35316
1500000US110010012003,110010012003,"Block Group 3, Census Tract 12, District of Columbia, District of Columbia",151324,74299
1500000US110010012004,110010012004,"Block Group 4, Census Tract 12, District of Columbia, District of Columbia",149625,43192
1500000US110010013011,110010013011,"Block Group 1, Census Tract 13.01, District of Columbia, District of Columbia",129829,2134
1500000US110010013012,110010013012,"Block Group 2, Census Tract 13.01, District of Columbia, District of Columbia",236705,58675
1500000US110010013013,110010013013,"Block Group 3, Census Tract 13.01, District of Columbia, District of Columbia",103182,27651
1500000US110010013021,110010013021,"Block Group 1, Census Tract 13.02, District of Columbia, District of Columbia",92345,16073
1500000US110010013022,110010013022,"Block Group 2, Census Tract 13.02, District of Columbia, District of Columbia",102976,30545
1500000US110010013023,110010013023,"Block Group 3, Census Tract 13.02, District of Columbia, District of Columbia",118107,57143
1500000US110010014011,110010014011,"Block Group 1, Census Tract 14.01, District of Columbia, District of Columbia",96534,12407
1500000US110010014012,110010014012,"Block Group 2, Census Tract 14.01, District of Columbia, District of Columbia",214063,45521
1500000US110010014021,110010014021,"Block Group 1, Census Tract 14.02, District of Columbia, District of Columbia",173092,72422
1500000US110010014022,110010014022,"Block Group 2, Census Tract 14.02, District of Columbia, District of Columbia",152778,123094
1500000US110010014023,110010014023,"Block Group 3, Census Tract 14.02, District of Columbia, District of Columbia",79063,20261
1500000US110010015001,110010015001,"Block Group 1, Census Tract 15, District of Columbia, District of Columbia",210714,51013
1500000US110010015002,110010015002,"Block Group 2, Census Tract 15, District of Columbia, District of Columbia",200815,35097
1500000US110010015003,110010015003,"Block Group 3, Census Tract 15, District of Columbia, District of Columbia",198179,62317
1500000US110010015004,110010015004,"Block Group 4, Census Tract 15, District of Columbia, District of Columbia",167552,52872
1500000US110010015005,110010015005,"Block Group 5, Census Tract 15, District of Columbia, District of Columbia",228672,64040
1500000US110010016001,110010016001,"Block Group 1, Census Tract 16, District of Columbia, District of Columbia",168068,47860
1500000US110010016002,110010016002,"Block Group 2, Census Tract 16, District of Columbia, District of Columbia",140114,37432
1500000US110010016003,110010016003,"Block Group 3, Census Tract 16, District of Columbia, District of Columbia",153036,73037
1500000US110010016004,110010016004,"Block Group 4, Census Tract 16, District of Columbia, District of Columbia",136607,56028
1500000US110010017021,110010017021,"Block Group 1, Census Tract 17.02, District of Columbia, District of Columbia",102305,27110
1500000US110010017022,110010017022,"Block Group 2, Census Tract 17.02, District of Columbia, District of Columbia",79250,12160
1500000US110010018031,110010018031,"Block Group 1, Census Tract 18.03, District of Columbia, District of Columbia",65750,22527
1500000US110010018032,110010018032,"Block Group 2, Census Tract 18.03, District of Columbia, District of Columbia",50911,12631
1500000US110010018041,110010018041,"Block Group 1, Census Tract 18.04, District of Columbia, District of Columbia",42303,11513
1500000US110010018042,110010018042,"Block Group 2, Census Tract 18.04, District of Columbia, District of Columbia",60556,26472
1500000US110010018043,110010018043,"Block Group 3, Census Tract 18.04, District of Columbia, District of Columbia",41287,19696
1500000US110010019011,110010019011,"Block Group 1, Census Tract 19.01, District of Columbia, District of Columbia",80428,33778
1500000US110010019012,110010019012,"Block Group 2, Census Tract 19.01, District of Columbia, District of Columbia",68828,19745
1500000US110010019013,110010019013,"Block Group 3, Census Tract 19.01, District of Columbia, District of Columbia",76250,18041
1500000US110010019014,110010019014,"Block Group 4, Census Tract 19.01, District of Columbia, District of Columbia",66250,22558
1500000US110010019021,110010019021,"Block Group 1, Census Tract 19.02, District of Columbia, District of Columbia",88264,15434
1500000US110010019022,110010019022,"Block Group 2, Census Tract 19.02, District of Columbia, District of Columbia",88306,33693
1500000US110010020011,110010020011,"Block Group 1, Census Tract 20.01, District of Columbia, District of Columbia",41500,5069
1500000US110010020012,110010020012,"Block Group 2, Census Tract 20.01, District of Columbia, District of Columbia",139034,25723
1500000US110010020021,110010020021,"Block Group 1, Census Tract 20.02, District of Columbia, District of Columbia",99028,39700
1500000US110010020022,110010020022,"Block Group 2, Census Tract 20.02, District of Columbia, District of Columbia",45139,31627
1500000US110010020023,110010020023,"Block Group 3, Census Tract 20.02, District of Columbia, District of Columbia",100682,33115
1500000US110010021011,110010021011,"Block Group 1, Census Tract 21.01, District of Columbia, District of Columbia",53611,29158
1500000US110010021012,110010021012,"Block Group 2, Census Tract 21.01, District of Columbia, District of Columbia",56983,24636
1500000US110010021013,110010021013,"Block Group 3, Census Tract 21.01, District of Columbia, District of Columbia",63510,30704
1500000US110010021014,110010021014,"Block Group 4, Census Tract 21.01, District of Columbia, District of Columbia",48281,19740
1500000US110010021021,110010021021,"Block Group 1, Census Tract 21.02, District of Columbia, District of Columbia",81950,31145
1500000US110010021022,110010021022,"Block Group 2, Census Tract 21.02, District of Columbia, District of Columbia",33571,10191
1500000US110010021023,110010021023,"Block Group 3, Census Tract 21.02, District of Columbia, District of Columbia",97964,39548
1500000US110010021024,110010021024,"Block Group 4, Census Tract 21.02, District of Columbia, District of Columbia",63333,19237
1500000US110010021025,110010021025,"Block Group 5, Census Tract 21.02, District of Columbia, District of Columbia",64375,47358
1500000US110010022011,110010022011,"Block Group 1, Census Tract 22.01, District of Columbia, District of Columbia",96823,22670
1500000US110010022012,110010022012,"Block Group 2, Census Tract 22.01, District of Columbia, District of Columbia",66622,14723
1500000US110010022013,110010022013,"Block Group 3, Census Tract 22.01, District of Columbia, District of Columbia",44844,23370
1500000US110010022021,110010022021,"Block Group 1, Census Tract 22.02, District of Columbia, District of Columbia",41974,10607
1500000US110010022022,110010022022,"Block Group 2, Census Tract 22.02, District of Columbia, District of Columbia",37813,33206
1500000US110010022023,110010022023,"Block Group 3, Census Tract 22.02, District of Columbia, District of Columbia",67417,30181
1500000US110010023011,110010023011,"Block Group 1, Census Tract 23.01, District of Columbia, District of Columbia",106536,10631
1500000US110010023012,110010023012,"Block Group 2, Census Tract 23.01, District of Columbia, District of Columbia",73594,39850
1500000US110010023021,110010023021,"Block Group 1, Census Tract 23.02, District of Columbia, District of Columbia",59630,14245
1500000US110010024001,110010024001,"Block Group 1, Census Tract 24, District of Columbia, District of Columbia",85238,63437
1500000US110010024002,110010024002,"Block Group 2, Census Tract 24, District of Columbia, District of Columbia",93207,31095
1500000US110010024003,110010024003,"Block Group 3, Census Tract 24, District of Columbia, District of Columbia",130341,61099
1500000US110010024004,110010024004,"Block Group 4, Census Tract 24, District of Columbia, District of Columbia",104844,22380
1500000US110010025011,110010025011,"Block Group 1, Census Tract 25.01, District of Columbia, District of Columbia",20560,5086
1500000US110010025012,110010025012,"Block Group 2, Census Tract 25.01, District of Columbia, District of Columbia",87969,37267
1500000US110010025021,110010025021,"Block Group 1, Census Tract 25.02, District of Columbia, District of Columbia",52917,47945
1500000US110010025022,110010025022,"Block Group 2, Census Tract 25.02, District of Columbia, District of Columbia",63094,22129
1500000US110010025023,110010025023,"Block Group 3, Census Tract 25.02, District of Columbia, District of Columbia",129583,77360
1500000US110010025024,110010025024,"Block Group 4, Census Tract 25.02, District of Columbia, District of Columbia",64500,22550
1500000US110010026001,110010026001,"Block Group 1, Census Tract 26, District of Columbia, District of Columbia",104292,23498
1500000US110010026002,110010026002,"Block Group 2, Census Tract 26, District of Columbia, District of Columbia",177083,50426
1500000US110010027011,110010027011,"Block Group 1, Census Tract 27.01, District of Columbia, District of Columbia",85116,47093
1500000US110010027012,110010027012,"Block Group 2, Census Tract 27.01, District of Columbia, District of Columbia",94132,17471
1500000US110010027013,110010027013,"Block Group 3, Census Tract 27.01, District of Columbia, District of Columbia",166742,65778
1500000US110010027014,110010027014,"Block Group 4, Census Tract 27.01, District of Columbia, District of Columbia",30363,16541
1500000US110010027021,110010027021,"Block Group 1, Census Tract 27.02, District of Columbia, District of Columbia",53974,15830
1500000US110010027022,110010027022,"Block Group 2, Census Tract 27.02, District of Columbia, District of Columbia",137685,38210
1500000US110010027023,110010027023,"Block Group 3, Census Tract 27.02, District of Columbia, District of Columbia",95905,21948
1500000US110010028011,110010028011,"Block Group 1, Census Tract 28.01, District of Columbia, District of Columbia",61500,14340
1500000US110010028012,110010028012,"Block Group 2, Census Tract 28.01, District of Columbia, District of Columbia",41655,14167
1500000US110010028021,110010028021,"Block Group 1, Census Tract 28.02, District of Columbia, District of Columbia",55341,8239
1500000US110010028022,110010028022,"Block Group 2, Census Tract 28.02, District of Columbia, District of Columbia",42838,7849
1500000US110010029001,110010029001,"Block Group 1, Census Tract 29, District of Columbia, District of Columbia",78792,12237
1500000US110010029002,110010029002,"Block Group 2, Census Tract 29, District of Columbia, District of Columbia",100139,21789
1500000US110010030001,110010030001,"Block Group 1, Census Tract 30, District of Columbia, District of Columbia",92569,11890
1500000US110010030002,110010030002,"Block Group 2, Census Tract 30, District of Columbia, District of Columbia",41042,12083
1500000US110010031001,110010031001,"Block Group 1, Census Tract 31, District of Columbia, District of Columbia",81356,13121
1500000US110010032001,110010032001,"Block Group 1, Census Tract 32, District of Columbia, District of Columbia",125625,101783
1500000US110010032002,110010032002,"Block Group 2, Census Tract 32, District of Columbia, District of Columbia",42479,29095
1500000US110010032003,110010032003,"Block Group 3, Census Tract 32, District of Columbia, District of Columbia",95000,74399
1500000US110010032004,110010032004,"Block Group 4, Census Tract 32, District of Columbia, District of Columbia",90313,12272
1500000US110010033011,110010033011,"Block Group 1, Census Tract 33.01, District of Columbia, District of Columbia",113750,66618
1500000US110010033012,110010033012,"Block Group 2, Census Tract 33.01, District of Columbia, District of Columbia",89028,57753
1500000US110010033013,110010033013,"Block Group 3, Census Tract 33.01, District of Columbia, District of Columbia",115042,32494
1500000US110010033021,110010033021,"Block Group 1, Census Tract 33.02, District of Columbia, District of Columbia",107589,19923
1500000US110010033022,110010033022,"Block Group 2, Census Tract 33.02, District of Columbia, District of Columbia",135481,37828
1500000US110010034001,110010034001,"Block Group 1, Census Tract 34, District of Columbia, District of Columbia",28657,24093
1500000US110010034002,110010034002,"Block Group 2, Census Tract 34, District of Columbia, District of Columbia",108750,35058
1500000US110010035001,110010035001,"Block Group 1, Census Tract 35, District of Columbia, District of Columbia",92396,18696
1500000US110010035002,110010035002,"Block Group 2, Census Tract 35, District of Columbia, District of Columbia",33971,15771
1500000US110010036001,110010036001,"Block Group 1, Census Tract 36, District of Columbia, District of Columbia",125025,27008
1500000US110010036002,110010036002,"Block Group 2, Census Tract 36, District of Columbia, District of Columbia",58472,19449
1500000US110010036003,110010036003,"Block Group 3, Census Tract 36, District of Columbia, District of Columbia",65521,40257
1500000US110010037001,110010037001,"Block Group 1, Census Tract 37, District of Columbia, District of Columbia",114162,33095
1500000US110010037002,110010037002,"Block Group 2, Census Tract 37, District of Columbia, District of Columbia",46875,11501
1500000US110010037003,110010037003,"Block Group 3, Census Tract 37, District of Columbia, District of Columbia",72179,35608
1500000US110010038001,110010038001,"Block Group 1, Census Tract 38, District of Columbia, District of Columbia",118750,24356
1500000US110010038002,110010038002,"Block Group 2, Census Tract 38, District of Columbia, District of Columbia",92604,12820
1500000US110010038003,110010038003,"Block Group 3, Census Tract 38, District of Columbia, District of Columbia",33205,11310
1500000US110010039001,110010039001,"Block Group 1, Census Tract 39, District of Columbia, District of Columbia",86818,11076
1500000US110010039002,110010039002,"Block Group 2, Census Tract 39, District of Columbia, District of Columbia",90080,25202
1500000US110010039003,110010039003,"Block Group 3, Census Tract 39, District of Columbia, District of Columbia",88419,28764
1500000US110010039004,110010039004,"Block Group 4, Census Tract 39, District of Columbia, District of Columbia",113983,21220
1500000US110010040011,110010040011,"Block Group 1, Census Tract 40.01, District of Columbia, District of Columbia",91908,46956
1500000US110010040012,110010040012,"Block Group 2, Census Tract 40.01, District of Columbia, District of Columbia",143068,45442
1500000US110010040013,110010040013,"Block Group 3, Census Tract 40.01, District of Columbia, District of Columbia",103825,18724
1500000US110010040021,110010040021,"Block Group 1, Census Tract 40.02, District of Columbia, District of Columbia",83875,11855
1500000US110010040022,110010040022,"Block Group 2, Census Tract 40.02, District of Columbia, District of Columbia",103813,13706
1500000US110010040023,110010040023,"Block Group 3, Census Tract 40.02, District of Columbia, District of Columbia",83229,13123
1500000US110010041001,110010041001,"Block Group 1, Census Tract 41, District of Columbia, District of Columbia",120804,24558
1500000US110010041002,110010041002,"Block Group 2, Census Tract 41, District of Columbia, District of Columbia",92364,40941
1500000US110010041003,110010041003,"Block Group 3, Census Tract 41, District of Columbia, District of Columbia",185714,55890
1500000US110010042011,110010042011,"Block Group 1, Census Tract 42.01, District of Columbia, District of Columbia",80313,10513
1500000US110010042012,110010042012,"Block Group 2, Census Tract 42.01, District of Columbia, District of Columbia",114554,28387
1500000US110010042021,110010042021,"Block Group 1, Census Tract 42.02, District of Columbia, District of Columbia",122188,41168
1500000US110010042022,110010042022,"Block Group 2, Census Tract 42.02, District of Columbia, District of Columbia",87188,25739
1500000US110010043001,110010043001,"Block Group 1, Census Tract 43, District of Columbia, District of Columbia",78073,12007
1500000US110010043002,110010043002,"Block Group 2, Census Tract 43, District of Columbia, District of Columbia",87434,43389
1500000US110010044001,110010044001,"Block Group 1, Census Tract 44, District of Columbia, District of Columbia",149475,13344
1500000US110010044002,110010044002,"Block Group 2, Census Tract 44, District of Columbia, District of Columbia",134939,48643
1500000US110010046002,110010046002,"Block Group 2, Census Tract 46, District of Columbia, District of Columbia",70000,31624
1500000US110010047011,110010047011,"Block Group 1, Census Tract 47.01, District of Columbia, District of Columbia",18366,2186
1500000US110010047012,110010047012,"Block Group 2, Census Tract 47.01, District of Columbia, District of Columbia",42361,18487
1500000US110010047021,110010047021,"Block Group 1, Census Tract 47.02, District of Columbia, District of Columbia",94688,14725
1500000US110010048011,110010048011,"Block Group 1, Census Tract 48.01, District of Columbia, District of Columbia",103273,7835
1500000US110010048021,110010048021,"Block Group 1, Census Tract 48.02, District of Columbia, District of Columbia",116607,33357
1500000US110010048022,110010048022,"Block Group 2, Census Tract 48.02, District of Columbia, District of Columbia",36595,8119
1500000US110010049011,110010049011,"Block Group 1, Census Tract 49.01, District of Columbia, District of Columbia",30000,26010
1500000US110010049012,110010049012,"Block Group 2, Census Tract 49.01, District of Columbia, District of Columbia",114659,31505
1500000US110010049021,110010049021,"Block Group 1, Census Tract 49.02, District of Columbia, District of Columbia",29286,18508
1500000US110010049022,110010049022,"Block Group 2, Census Tract 49.02, District of Columbia, District of Columbia",114600,14460
1500000US110010050011,110010050011,"Block Group 1, Census Tract 50.01, District of Columbia, District of Columbia",134659,21701
1500000US110010050012,110010050012,"Block Group 2, Census Tract 50.01, District of Columbia, District of Columbia",108438,53367
1500000US110010050021,110010050021,"Block Group 1, Census Tract 50.02, District of Columbia, District of Columbia",37465,12800
1500000US110010050022,110010050022,"Block Group 2, Census Tract 50.02, District of Columbia, District of Columbia",112649,26142
1500000US110010050023,110010050023,"Block Group 3, Census Tract 50.02, District of Columbia, District of Columbia",88947,23845
1500000US110010050024,110010050024,"Block Group 4, Census Tract 50.02, District of Columbia, District of Columbia",72160,8963
1500000US110010052011,110010052011,"Block Group 1, Census Tract 52.01, District of Columbia, District of Columbia",71573,11772
1500000US110010052012,110010052012,"Block Group 2, Census Tract 52.01, District of Columbia, District of Columbia",132708,45078
1500000US110010052013,110010052013,"Block Group 3, Census Tract 52.01, District of Columbia, District of Columbia",90852,34767
1500000US110010052014,110010052014,"Block Group 4, Census Tract 52.01, District of Columbia, District of Columbia",134550,29182
1500000US110010053011,110010053011,"Block Group 1, Census Tract 53.01, District of Columbia, District of Columbia",83929,49443
1500000US110010053012,110010053012,"Block Group 2, Census Tract 53.01, District of Columbia, District of Columbia",116667,16119
1500000US110010053013,110010053013,"Block Group 3, Census Tract 53.01, District of Columbia, District of Columbia",71359,11479
1500000US110010053014,110010053014,"Block Group 4, Census Tract 53.01, District of Columbia, District of Columbia",100897,30610
1500000US110010055001,110010055001,"Block Group 1, Census Tract 55, District of Columbia, District of Columbia",107442,16715
1500000US110010055002,110010055002,"Block Group 2, Census Tract 55, District of Columbia, District of Columbia",140000,64849
1500000US110010055003,110010055003,"Block Group 3, Census Tract 55, District of Columbia, District of Columbia",61964,41313
1500000US110010055004,110010055004,"Block Group 4, Census Tract 55, District of Columbia, District of Columbia",52632,48170
1500000US110010055005,110010055005,"Block Group 5, Census Tract 55, District of Columbia, District of Columbia",69808,43267
1500000US110010056001,110010056001,"Block Group 1, Census Tract 56, District of Columbia, District of Columbia",50538,8937
1500000US110010056002,110010056002,"Block Group 2, Census Tract 56, District of Columbia, District of Columbia",106181,42920
1500000US110010056003,110010056003,"Block Group 3, Census Tract 56, District of Columbia, District of Columbia",83750,61102
1500000US110010056004,110010056004,"Block Group 4, Census Tract 56, District of Columbia, District of Columbia",126067,60237
1500000US110010058001,110010058001,"Block Group 1, Census Tract 58, District of Columbia, District of Columbia",136375,15826
1500000US110010058002,110010058002,"Block Group 2, Census Tract 58, District of Columbia, District of Columbia",111023,16077
1500000US110010059001,110010059001,"Block Group 1, Census Tract 59, District of Columbia, District of Columbia",99330,13327
1500000US110010062021,110010062021,"Block Group 1, Census Tract 62.02, District of Columbia, District of Columbia",-,**
1500000US110010064001,110010064001,"Block Group 1, Census Tract 64, District of Columbia, District of Columbia",21806,7980
1500000US110010064002,110010064002,"Block Group 2, Census Tract 64, District of Columbia, District of Columbia",23565,9503
1500000US110010065001,110010065001,"Block Group 1, Census Tract 65, District of Columbia, District of Columbia",82153,16018
1500000US110010065002,110010065002,"Block Group 2, Census Tract 65, District of Columbia, District of Columbia",165000,37048
1500000US110010066001,110010066001,"Block Group 1, Census Tract 66, District of Columbia, District of Columbia",143485,14771
1500000US110010067001,110010067001,"Block Group 1, Census Tract 67, District of Columbia, District of Columbia",128289,16216
1500000US110010067002,110010067002,"Block Group 2, Census Tract 67, District of Columbia, District of Columbia",138843,35053
1500000US110010067003,110010067003,"Block Group 3, Census Tract 67, District of Columbia, District of Columbia",140833,19745
1500000US110010068011,110010068011,"Block Group 1, Census Tract 68.01, District of Columbia, District of Columbia",75820,10539
1500000US110010068012,110010068012,"Block Group 2, Census Tract 68.01, District of Columbia, District of Columbia",74375,21837
1500000US110010068021,110010068021,"Block Group 1, Census Tract 68.02, District of Columbia, District of Columbia",123125,17115
1500000US110010068022,110010068022,"Block Group 2, Census Tract 68.02, District of Columbia, District of Columbia",104107,13980
1500000US110010068041,110010068041,"Block Group 1, Census Tract 68.04, District of Columbia, District of Columbia",-,**
1500000US110010069001,110010069001,"Block Group 1, Census Tract 69, District of Columbia, District of Columbia",77424,39429
1500000US110010069002,110010069002,"Block Group 2, Census Tract 69, District of Columbia, District of Columbia",159250,55218
1500000US110010070001,110010070001,"Block Group 1, Census Tract 70, District of Columbia, District of Columbia",134722,22780
1500000US110010070002,110010070002,"Block Group 2, Census Tract 70, District of Columbia, District of Columbia",95625,25463
1500000US110010071001,110010071001,"Block Group 1, Census Tract 71, District of Columbia, District of Columbia",57446,23359
1500000US110010071002,110010071002,"Block Group 2, Census Tract 71, District of Columbia, District of Columbia",74559,21140
1500000US110010072001,110010072001,"Block Group 1, Census Tract 72, District of Columbia, District of Columbia",116700,10298
1500000US110010072002,110010072002,"Block Group 2, Census Tract 72, District of Columbia, District of Columbia",55000,20069
1500000US110010073011,110010073011,"Block Group 1, Census Tract 73.01, District of Columbia, District of Columbia",75625,11531
1500000US110010073041,110010073041,"Block Group 1, Census Tract 73.04, District of Columbia, District of Columbia",26587,10764
1500000US110010073042,110010073042,"Block Group 2, Census Tract 73.04, District of Columbia, District of Columbia",37986,17569
1500000US110010074011,110010074011,"Block Group 1, Census Tract 74.01, District of Columbia, District of Columbia",14836,2054
1500000US110010074012,110010074012,"Block Group 2, Census Tract 74.01, District of Columbia, District of Columbia",15833,6787
1500000US110010074031,110010074031,"Block Group 1, Census Tract 74.03, District of Columbia, District of Columbia",31399,2491
1500000US110010074041,110010074041,"Block Group 1, Census Tract 74.04, District of Columbia, District of Columbia",25000,9223
1500000US110010074042,110010074042,"Block Group 2, Census Tract 74.04, District of Columbia, District of Columbia",49519,19020
1500000US110010074043,110010074043,"Block Group 3, Census Tract 74.04, District of Columbia, District of Columbia",27750,22753
1500000US110010074061,110010074061,"Block Group 1, Census Tract 74.06, District of Columbia, District of Columbia",44804,4161
1500000US110010074062,110010074062,"Block Group 2, Census Tract 74.06, District of Columbia, District of Columbia",14329,3749
1500000US110010074071,110010074071,"Block Group 1, Census Tract 74.07, District of Columbia, District of Columbia",34286,17421
1500000US110010074072,110010074072,"Block Group 2, Census Tract 74.07, District of Columbia, District of Columbia",34583,12794
1500000US110010074081,110010074081,"Block Group 1, Census Tract 74.08, District of Columbia, District of Columbia",22353,4557
1500000US110010074091,110010074091,"Block Group 1, Census Tract 74.09, District of Columbia, District of Columbia",34816,8991
1500000US110010074093,110010074093,"Block Group 3, Census Tract 74.09, District of Columbia, District of Columbia",34135,9723
1500000US110010075021,110010075021,"Block Group 1, Census Tract 75.02, District of Columbia, District of Columbia",28994,9022
1500000US110010075022,110010075022,"Block Group 2, Census Tract 75.02, District of Columbia, District of Columbia",16789,12113
1500000US110010075031,110010075031,"Block Group 1, Census Tract 75.03, District of Columbia, District of Columbia",35750,19439
1500000US110010075032,110010075032,"Block Group 2, Census Tract 75.03, District of Columbia, District of Columbia",21563,5301
1500000US110010075041,110010075041,"Block Group 1, Census Tract 75.04, District of Columbia, District of Columbia",17159,2948
1500000US110010076011,110010076011,"Block Group 1, Census Tract 76.01, District of Columbia, District of Columbia",36520,6971
1500000US110010076013,110010076013,"Block Group 3, Census Tract 76.01, District of Columbia, District of Columbia",40848,14611
1500000US110010076014,110010076014,"Block Group 4, Census Tract 76.01, District of Columbia, District of Columbia",26061,9670
1500000US110010076031,110010076031,"Block Group 1, Census Tract 76.03, District of Columbia, District of Columbia",35479,18702
1500000US110010076033,110010076033,"Block Group 3, Census Tract 76.03, District of Columbia, District of Columbia",147667,46334
1500000US110010076034,110010076034,"Block Group 4, Census Tract 76.03, District of Columbia, District of Columbia",48994,16300
1500000US110010076041,110010076041,"Block Group 1, Census Tract 76.04, District of Columbia, District of Columbia",43295,19365
1500000US110010076042,110010076042,"Block Group 2, Census Tract 76.04, District of Columbia, District of Columbia",82692,14596
1500000US110010076043,110010076043,"Block Group 3, Census Tract 76.04, District of Columbia, District of Columbia",41164,8113
1500000US110010076051,110010076051,"Block Group 1, Census Tract 76.05, District of Columbia, District of Columbia",77578,22829
1500000US110010076052,110010076052,"Block Group 2, Census Tract 76.05, District of Columbia, District of Columbia",36133,14476
1500000US110010076053,110010076053,"Block Group 3, Census Tract 76.05, District of Columbia, District of Columbia",14201,5657
1500000US110010077032,110010077032,"Block Group 2, Census Tract 77.03, District of Columbia, District of Columbia",31703,7532
1500000US110010077033,110010077033,"Block Group 3, Census Tract 77.03, District of Columbia, District of Columbia",20656,7913
1500000US110010077071,110010077071,"Block Group 1, Census Tract 77.07, District of Columbia, District of Columbia",30643,7844
1500000US110010077072,110010077072,"Block Group 2, Census Tract 77.07, District of Columbia, District of Columbia",65963,7526
1500000US110010077081,110010077081,"Block Group 1, Census Tract 77.08, District of Columbia, District of Columbia",25333,14378
1500000US110010077082,110010077082,"Block Group 2, Census Tract 77.08, District of Columbia, District of Columbia",35714,14981
1500000US110010077091,110010077091,"Block Group 1, Census Tract 77.09, District of Columbia, District of Columbia",31528,8603
1500000US110010077092,110010077092,"Block Group 2, Census Tract 77.09, District of Columbia, District of Columbia",42063,13484
1500000US110010078031,110010078031,"Block Group 1, Census Tract 78.03, District of Columbia, District of Columbia",46111,23209
1500000US110010078032,110010078032,"Block Group 2, Census Tract 78.03, District of Columbia, District of Columbia",41667,16362
1500000US110010078033,110010078033,"Block Group 3, Census Tract 78.03, District of Columbia, District of Columbia",59152,38283
1500000US110010078034,110010078034,"Block Group 4, Census Tract 78.03, District of Columbia, District of Columbia",24826,5761
1500000US110010078041,110010078041,"Block Group 1, Census Tract 78.04, District of Columbia, District of Columbia",47955,16883
1500000US110010078042,110010078042,"Block Group 2, Census Tract 78.04, District of Columbia, District of Columbia",38661,14576
1500000US110010078043,110010078043,"Block Group 3, Census Tract 78.04, District of Columbia, District of Columbia",45288,42661
1500000US110010078061,110010078061,"Block Group 1, Census Tract 78.06, District of Columbia, District of Columbia",30500,12726
1500000US110010078062,110010078062,"Block Group 2, Census Tract 78.06, District of Columbia, District of Columbia",29492,12830
1500000US110010078071,110010078071,"Block Group 1, Census Tract 78.07, District of Columbia, District of Columbia",45375,20464
1500000US110010078072,110010078072,"Block Group 2, Census Tract 78.07, District of Columbia, District of Columbia",33913,14189
1500000US110010078081,110010078081,"Block Group 1, Census Tract 78.08, District of Columbia, District of Columbia",48750,31797
1500000US110010078082,110010078082,"Block Group 2, Census Tract 78.08, District of Columbia, District of Columbia",25625,14212
1500000US110010078083,110010078083,"Block Group 3, Census Tract 78.08, District of Columbia, District of Columbia",35394,13597
1500000US110010078091,110010078091,"Block Group 1, Census Tract 78.09, District of Columbia, District of Columbia",36781,7200
1500000US110010078092,110010078092,"Block Group 2, Census Tract 78.09, District of Columbia, District of Columbia",57500,22454
1500000US110010079011,110010079011,"Block Group 1, Census Tract 79.01, District of Columbia, District of Columbia",25167,16044
1500000US110010079012,110010079012,"Block Group 2, Census Tract 79.01, District of Columbia, District of Columbia",47813,18167
1500000US110010079013,110010079013,"Block Group 3, Census Tract 79.01, District of Columbia, District of Columbia",49125,34418
1500000US110010079014,110010079014,"Block Group 4, Census Tract 79.01, District of Columbia, District of Columbia",35625,23970
1500000US110010079031,110010079031,"Block Group 1, Census Tract 79.03, District of Columbia, District of Columbia",50188,7317
1500000US110010080011,110010080011,"Block Group 1, Census Tract 80.01, District of Columbia, District of Columbia",125714,28755
1500000US110010080012,110010080012,"Block Group 2, Census Tract 80.01, District of Columbia, District of Columbia",115435,23498
1500000US110010080013,110010080013,"Block Group 3, Census Tract 80.01, District of Columbia, District of Columbia",134583,57003
1500000US110010080021,110010080021,"Block Group 1, Census Tract 80.02, District of Columbia, District of Columbia",103864,25391
1500000US110010080022,110010080022,"Block Group 2, Census Tract 80.02, District of Columbia, District of Columbia",118438,15058
1500000US110010081001,110010081001,"Block Group 1, Census Tract 81, District of Columbia, District of Columbia",130125,54922
1500000US110010081002,110010081002,"Block Group 2, Census Tract 81, District of Columbia, District of Columbia",124773,13248
1500000US110010081003,110010081003,"Block Group 3, Census Tract 81, District of Columbia, District of Columbia",165385,48637
1500000US110010082001,110010082001,"Block Group 1, Census Tract 82, District of Columbia, District of Columbia",112000,20413
1500000US110010082002,110010082002,"Block Group 2, Census Tract 82, District of Columbia, District of Columbia",98864,18361
1500000US110010083011,110010083011,"Block Group 1, Census Tract 83.01, District of Columbia, District of Columbia",155096,27745
1500000US110010083012,110010083012,"Block Group 2, Census Tract 83.01, District of Columbia, District of Columbia",131319,37306
1500000US110010083021,110010083021,"Block Group 1, Census Tract 83.02, District of Columbia, District of Columbia",120417,13732
1500000US110010084021,110010084021,"Block Group 1, Census Tract 84.02, District of Columbia, District of Columbia",97929,14003
1500000US110010084022,110010084022,"Block Group 2, Census Tract 84.02, District of Columbia, District of Columbia",61184,18930
1500000US110010084101,110010084101,"Block Group 1, Census Tract 84.10, District of Columbia, District of Columbia",107266,6298
1500000US110010087011,110010087011,"Block Group 1, Census Tract 87.01, District of Columbia, District of Columbia",77961,23088
1500000US110010087012,110010087012,"Block Group 2, Census Tract 87.01, District of Columbia, District of Columbia",59712,24675
1500000US110010087021,110010087021,"Block Group 1, Census Tract 87.02, District of Columbia, District of Columbia",53417,18071
1500000US110010087022,110010087022,"Block Group 2, Census Tract 87.02, District of Columbia, District of Columbia",42083,16695
1500000US110010088021,110010088021,"Block Group 1, Census Tract 88.02, District of Columbia, District of Columbia",69265,11233
1500000US110010088022,110010088022,"Block Group 2, Census Tract 88.02, District of Columbia, District of Columbia",41310,20041
1500000US110010088023,110010088023,"Block Group 3, Census Tract 88.02, District of Columbia, District of Columbia",72188,23545
1500000US110010088024,110010088024,"Block Group 4, Census Tract 88.02, District of Columbia, District of Columbia",44861,36010
1500000US110010088031,110010088031,"Block Group 1, Census Tract 88.03, District of Columbia, District of Columbia",20313,9709
1500000US110010088041,110010088041,"Block Group 1, Census Tract 88.04, District of Columbia, District of Columbia",48125,9464
1500000US110010088042,110010088042,"Block Group 2, Census Tract 88.04, District of Columbia, District of Columbia",33403,13573
1500000US110010089031,110010089031,"Block Group 1, Census Tract 89.03, District of Columbia, District of Columbia",46250,15410
1500000US110010089032,110010089032,"Block Group 2, Census Tract 89.03, District of Columbia, District of Columbia",24125,7859
1500000US110010089041,110010089041,"Block Group 1, Census Tract 89.04, District of Columbia, District of Columbia",24556,6665
1500000US110010089042,110010089042,"Block Group 2, Census Tract 89.04, District of Columbia, District of Columbia",34156,18476
1500000US110010090001,110010090001,"Block Group 1, Census Tract 90, District of Columbia, District of Columbia",31500,13438
1500000US110010090002,110010090002,"Block Group 2, Census Tract 90, District of Columbia, District of Columbia",39926,20305
1500000US110010091021,110010091021,"Block Group 1, Census Tract 91.02, District of Columbia, District of Columbia",64444,12699
1500000US110010091022,110010091022,"Block Group 2, Census Tract 91.02, District of Columbia, District of Columbia",50536,14213
1500000US110010091023,110010091023,"Block Group 3, Census Tract 91.02, District of Columbia, District of Columbia",27978,7730
1500000US110010092011,110010092011,"Block Group 1, Census Tract 92.01, District of Columbia, District of Columbia",52734,9360
1500000US110010092032,110010092032,"Block Group 2, Census Tract 92.03, District of Columbia, District of Columbia",95708,32772
1500000US110010092041,110010092041,"Block Group 1, Census Tract 92.04, District of Columbia, District of Columbia",54632,14687
1500000US110010092042,110010092042,"Block Group 2, Census Tract 92.04, District of Columbia, District of Columbia",14286,4776
1500000US110010093011,110010093011,"Block Group 1, Census Tract 93.01, District of Columbia, District of Columbia",76719,21900
1500000US110010093012,110010093012,"Block Group 2, Census Tract 93.01, District of Columbia, District of Columbia",65536,47545
1500000US110010093013,110010093013,"Block Group 3, Census Tract 93.01, District of Columbia, District of Columbia",79592,28574
1500000US110010093014,110010093014,"Block Group 4, Census Tract 93.01, District of Columbia, District of Columbia",60875,58428
1500000US110010093021,110010093021,"Block Group 1, Census Tract 93.02, District of Columbia, District of Columbia",62063,7311
1500000US110010094001,110010094001,"Block Group 1, Census Tract 94, District of Columbia, District of Columbia",65536,30566
1500000US110010094002,110010094002,"Block Group 2, Census Tract 94, District of Columbia, District of Columbia",56691,42057
1500000US110010094003,110010094003,"Block Group 3, Census Tract 94, District of Columbia, District of Columbia",93750,30648
1500000US110010094004,110010094004,"Block Group 4, Census Tract 94, District of Columbia, District of Columbia",94485,11407
1500000US110010095011,110010095011,"Block Group 1, Census Tract 95.01, District of Columbia, District of Columbia",47453,7729
1500000US110010095012,110010095012,"Block Group 2, Census Tract 95.01, District of Columbia, District of Columbia",24784,14854
1500000US110010095013,110010095013,"Block Group 3, Census Tract 95.01, District of Columbia, District of Columbia",40040,8597
1500000US110010095031,110010095031,"Block Group 1, Census Tract 95.03, District of Columbia, District of Columbia",93056,10294
1500000US110010095032,110010095032,"Block Group 2, Census Tract 95.03, District of Columbia, District of Columbia",80417,26540
1500000US110010095033,110010095033,"Block Group 3, Census Tract 95.03, District of Columbia, District of Columbia",82448,33251
1500000US110010095041,110010095041,"Block Group 1, Census Tract 95.04, District of Columbia, District of Columbia",63849,19042
1500000US110010095042,110010095042,"Block Group 2, Census Tract 95.04, District of Columbia, District of Columbia",78621,24050
1500000US110010095051,110010095051,"Block Group 1, Census Tract 95.05, District of Columbia, District of Columbia",55651,2276
1500000US110010095052,110010095052,"Block Group 2, Census Tract 95.05, District of Columbia, District of Columbia",100163,54358
1500000US110010095053,110010095053,"Block Group 3, Census Tract 95.05, District of Columbia, District of Columbia",70298,30630
1500000US110010095071,110010095071,"Block Group 1, Census Tract 95.07, District of Columbia, District of Columbia",60170,15821
1500000US110010095081,110010095081,"Block Group 1, Census Tract 95.08, District of Columbia, District of Columbia",48750,19982
1500000US110010095082,110010095082,"Block Group 2, Census Tract 95.08, District of Columbia, District of Columbia",70923,7758
1500000US110010095083,110010095083,"Block Group 3, Census Tract 95.08, District of Columbia, District of Columbia",63068,26083
1500000US110010095091,110010095091,"Block Group 1, Census Tract 95.09, District of Columbia, District of Columbia",56875,30265
1500000US110010095092,110010095092,"Block Group 2, Census Tract 95.09, District of Columbia, District of Columbia",61167,12359
1500000US110010095093,110010095093,"Block Group 3, Census Tract 95.09, District of Columbia, District of Columbia",58125,24974
1500000US110010096011,110010096011,"Block Group 1, Census Tract 96.01, District of Columbia, District of Columbia",32794,11333
1500000US110010096021,110010096021,"Block Group 1, Census Tract 96.02, District of Columbia, District of Columbia",26375,9492
1500000US110010096022,110010096022,"Block Group 2, Census Tract 96.02, District of Columbia, District of Columbia",21765,5426
1500000US110010096031,110010096031,"Block Group 1, Census Tract 96.03, District of Columbia, District of Columbia",42520,4770
1500000US110010096032,110010096032,"Block Group 2, Census Tract 96.03, District of Columbia, District of Columbia",64737,25779
1500000US110010096033,110010096033,"Block Group 3, Census Tract 96.03, District of Columbia, District of Columbia",25543,12475
1500000US110010096041,110010096041,"Block Group 1, Census Tract 96.04, District of Columbia, District of Columbia",43611,8054
1500000US110010096042,110010096042,"Block Group 2, Census Tract 96.04, District of Columbia, District of Columbia",54883,9767
1500000US110010097001,110010097001,"Block Group 1, Census Tract 97, District of Columbia, District of Columbia",26450,13138
1500000US110010097002,110010097002,"Block Group 2, Census Tract 97, District of Columbia, District of Columbia",70647,30752
1500000US110010098011,110010098011,"Block Group 1, Census Tract 98.01, District of Columbia, District of Columbia",24531,7450
1500000US110010098021,110010098021,"Block Group 1, Census Tract 98.02, District of Columbia, District of Columbia",11196,3241
1500000US110010098022,110010098022,"Block Group 2, Census Tract 98.02, District of Columbia, District of Columbia",47679,17236
1500000US110010098031,110010098031,"Block Group 1, Census Tract 98.03, District of Columbia, District of Columbia",16309,6376
1500000US110010098032,110010098032,"Block Group 2, Census Tract 98.03, District of Columbia, District of Columbia",42647,22548
1500000US110010098033,110010098033,"Block Group 3, Census Tract 98.03, District of Columbia, District of Columbia",16304,9921
1500000US110010098041,110010098041,"Block Group 1, Census Tract 98.04, District of Columbia, District of Columbia",35938,3934
1500000US110010098042,110010098042,"Block Group 2, Census Tract 98.04, District of Columbia, District of Columbia",35673,6256
1500000US110010098071,110010098071,"Block Group 1, Census Tract 98.07, District of Columbia, District of Columbia",44792,24403
1500000US110010098072,110010098072,"Block Group 2, Census Tract 98.07, District of Columbia, District of Columbia",43240,8438
1500000US110010098101,110010098101,"Block Group 1, Census Tract 98.10, District of Columbia, District of Columbia",31528,14861
1500000US110010098102,110010098102,"Block Group 2, Census Tract 98.10, District of Columbia, District of Columbia",28378,10215
1500000US110010098111,110010098111,"Block Group 1, Census Tract 98.11, District of Columbia, District of Columbia",25042,7423
1500000US110010098112,110010098112,"Block Group 2, Census Tract 98.11, District of Columbia, District of Columbia",29940,3600
1500000US110010099011,110010099011,"Block Group 1, Census Tract 99.01, District of Columbia, District of Columbia",69167,23132
1500000US110010099012,110010099012,"Block Group 2, Census Tract 99.01, District of Columbia, District of Columbia",98220,29627
1500000US110010099021,110010099021,"Block Group 1, Census Tract 99.02, District of Columbia, District of Columbia",48000,13199
1500000US110010099022,110010099022,"Block Group 2, Census Tract 99.02, District of Columbia, District of Columbia",56034,17172
1500000US110010099031,110010099031,"Block Group 1, Census Tract 99.03, District of Columbia, District of Columbia",51250,20848
1500000US110010099032,110010099032,"Block Group 2, Census Tract 99.03, District of Columbia, District of Columbia",68750,14829
1500000US110010099041,110010099041,"Block Group 1, Census Tract 99.04, District of Columbia, District of Columbia",39773,11643
1500000US110010099042,110010099042,"Block Group 2, Census Tract 99.04, District of Columbia, District of Columbia",32138,3764
1500000US110010099051,110010099051,"Block Group 1, Census Tract 99.05, District of Columbia, District of Columbia",39643,12177
1500000US110010099052,110010099052,"Block Group 2, Census Tract 99.05, District of Columbia, District of Columbia",56012,17684
1500000US110010099053,110010099053,"Block Group 3, Census Tract 99.05, District of Columbia, District of Columbia",42679,21407
1500000US110010099061,110010099061,"Block Group 1, Census Tract 99.06, District of Columbia, District of Columbia",46979,8489
1500000US110010099072,110010099072,"Block Group 2, Census Tract 99.07, District of Columbia, District of Columbia",23447,5092
1500000US110010101001,110010101001,"Block Group 1, Census Tract 101, District of Columbia, District of Columbia",98000,11252
1500000US110010101002,110010101002,"Block Group 2, Census Tract 101, District of Columbia, District of Columbia",73182,11109
1500000US110010102001,110010102001,"Block Group 1, Census Tract 102, District of Columbia, District of Columbia",112563,17514
1500000US110010102002,110010102002,"Block Group 2, Census Tract 102, District of Columbia, District of Columbia",91667,19131
1500000US110010103001,110010103001,"Block Group 1, Census Tract 103, District of Columbia, District of Columbia",66741,54168
1500000US110010103002,110010103002,"Block Group 2, Census Tract 103, District of Columbia, District of Columbia",70574,15772
1500000US110010103003,110010103003,"Block Group 3, Census Tract 103, District of Columbia, District of Columbia",40169,13544
1500000US110010104001,110010104001,"Block Group 1, Census Tract 104, District of Columbia, District of Columbia",41442,16595
1500000US110010104002,110010104002,"Block Group 2, Census Tract 104, District of Columbia, District of Columbia",33699,8321
1500000US110010105001,110010105001,"Block Group 1, Census Tract 105, District of Columbia, District of Columbia",46069,1714
1500000US110010105002,110010105002,"Block Group 2, Census Tract 105, District of Columbia, District of Columbia",97581,16753
1500000US110010106001,110010106001,"Block Group 1, Census Tract 106, District of Columbia, District of Columbia",81146,60498
1500000US110010106002,110010106002,"Block Group 2, Census Tract 106, District of Columbia, District of Columbia",113125,14197
1500000US110010106003,110010106003,"Block Group 3, Census Tract 106, District of Columbia, District of Columbia",80909,77803
1500000US110010107001,110010107001,"Block Group 1, Census Tract 107, District of Columbia, District of Columbia",67639,28654
1500000US110010107002,110010107002,"Block Group 2, Census Tract 107, District of Columbia, District of Columbia",90313,31089
1500000US110010108001,110010108001,"Block Group 1, Census Tract 108, District of Columbia, District of Columbia",39844,14190
1500000US110010108002,110010108002,"Block Group 2, Census Tract 108, District of Columbia, District of Columbia",18375,17177
1500000US110010108003,110010108003,"Block Group 3, Census Tract 108, District of Columbia, District of Columbia",79167,25767
1500000US110010109001,110010109001,"Block Group 1, Census Tract 109, District of Columbia, District of Columbia",31607,6845
1500000US110010109002,110010109002,"Block Group 2, Census Tract 109, District of Columbia, District of Columbia",36991,8120
1500000US110010110001,110010110001,"Block Group 1, Census Tract 110, District of Columbia, District of Columbia",91548,54000
1500000US110010110002,110010110002,"Block Group 2, Census Tract 110, District of Columbia, District of Columbia",96750,45731
1500000US110010110003,110010110003,"Block Group 3, Census Tract 110, District of Columbia, District of Columbia",88478,35046
1500000US110010110004,110010110004,"Block Group 4, Census Tract 110, District of Columbia, District of Columbia",74779,15303
1500000US110010111001,110010111001,"Block Group 1, Census Tract 111, District of Columbia, District of Columbia",79605,27493
1500000US110010111002,110010111002,"Block Group 2, Census Tract 111, District of Columbia, District of Columbia",88028,16395
1500000US110010111003,110010111003,"Block Group 3, Census Tract 111, District of Columbia, District of Columbia",38750,17786
