GEO.id,GEO.id2,GEO.display-label,HD01_VD01,HD02_VD01,HD01_VD02,HD02_VD02,HD01_VD03,HD02_VD03,HD01_VD04,HD02_VD04,HD01_VD05,HD02_VD05,HD01_VD06,HD02_VD06,HD01_VD07,HD02_VD07,HD01_VD08,HD02_VD08,HD01_VD09,HD02_VD09,HD01_VD10,HD02_VD10,HD01_VD11,HD02_VD11,HD01_VD12,HD02_VD12,HD01_VD13,HD02_VD13
Id,Id2,Geography,Estimate; Total:,Margin of Error; Total:,Estimate; Total: - Less than 5 minutes,Margin of Error; Total: - Less than 5 minutes,Estimate; Total: - 5 to 9 minutes,Margin of Error; Total: - 5 to 9 minutes,Estimate; Total: - 10 to 14 minutes,Margin of Error; Total: - 10 to 14 minutes,Estimate; Total: - 15 to 19 minutes,Margin of Error; Total: - 15 to 19 minutes,Estimate; Total: - 20 to 24 minutes,Margin of Error; Total: - 20 to 24 minutes,Estimate; Total: - 25 to 29 minutes,Margin of Error; Total: - 25 to 29 minutes,Estimate; Total: - 30 to 34 minutes,Margin of Error; Total: - 30 to 34 minutes,Estimate; Total: - 35 to 39 minutes,Margin of Error; Total: - 35 to 39 minutes,Estimate; Total: - 40 to 44 minutes,Margin of Error; Total: - 40 to 44 minutes,Estimate; Total: - 45 to 59 minutes,Margin of Error; Total: - 45 to 59 minutes,Estimate; Total: - 60 to 89 minutes,Margin of Error; Total: - 60 to 89 minutes,Estimate; Total: - 90 or more minutes,Margin of Error; Total: - 90 or more minutes
1500000US110010001001,110010001001,"Block Group 1, Census Tract 1, District of Columbia, District of Columbia",852,232,0,12,53,47,58,55,220,116,89,63,179,118,112,117,17,27,13,22,0,12,83,56,28,43
1500000US110010001002,110010001002,"Block Group 2, Census Tract 1, District of Columbia, District of Columbia",787,208,0,12,45,43,109,80,229,129,104,86,67,60,148,131,0,12,22,22,29,36,16,25,18,29
1500000US110010001003,110010001003,"Block Group 3, Census Tract 1, District of Columbia, District of Columbia",600,211,0,12,101,89,120,97,108,59,52,36,55,54,147,115,17,27,0,12,0,12,0,12,0,12
1500000US110010001004,110010001004,"Block Group 4, Census Tract 1, District of Columbia, District of Columbia",469,122,0,12,0,12,47,43,105,70,137,88,22,39,75,47,28,32,16,25,39,49,0,12,0,12
1500000US110010002011,110010002011,"Block Group 1, Census Tract 2.01, District of Columbia, District of Columbia",1107,284,126,80,436,160,320,148,77,68,41,43,15,24,23,30,0,12,19,31,39,38,8,18,3,3
1500000US110010002021,110010002021,"Block Group 1, Census Tract 2.02, District of Columbia, District of Columbia",531,212,0,12,0,12,54,38,62,39,180,148,53,51,135,84,23,23,5,10,14,16,5,9,0,12
1500000US110010002022,110010002022,"Block Group 2, Census Tract 2.02, District of Columbia, District of Columbia",332,97,41,39,41,32,19,21,78,54,69,46,18,21,47,34,0,12,0,12,8,12,11,18,0,12
1500000US110010002023,110010002023,"Block Group 3, Census Tract 2.02, District of Columbia, District of Columbia",403,203,0,12,19,25,26,31,30,24,54,39,25,23,194,198,12,18,8,12,27,29,8,13,0,12
1500000US110010002024,110010002024,"Block Group 4, Census Tract 2.02, District of Columbia, District of Columbia",755,208,69,44,112,78,190,137,122,58,28,25,69,68,61,41,24,24,13,18,56,55,0,12,11,17
1500000US110010003001,110010003001,"Block Group 1, Census Tract 3, District of Columbia, District of Columbia",647,189,0,12,49,42,84,77,114,83,78,67,54,52,129,80,30,35,40,42,55,52,14,23,0,12
1500000US110010003002,110010003002,"Block Group 2, Census Tract 3, District of Columbia, District of Columbia",945,192,0,12,32,36,37,36,105,67,207,110,52,46,170,93,42,47,41,40,195,98,64,68,0,12
1500000US110010003003,110010003003,"Block Group 3, Census Tract 3, District of Columbia, District of Columbia",971,365,0,12,207,264,75,61,202,104,116,84,117,93,50,43,0,12,14,24,139,77,51,60,0,12
1500000US110010003004,110010003004,"Block Group 4, Census Tract 3, District of Columbia, District of Columbia",1175,280,11,18,104,148,54,66,156,76,189,116,79,57,171,95,28,32,108,83,208,100,55,50,12,18
1500000US110010004001,110010004001,"Block Group 1, Census Tract 4, District of Columbia, District of Columbia",210,49,0,12,5,7,30,21,34,22,53,25,33,24,19,15,21,17,10,11,0,12,0,12,5,7
1500000US110010004002,110010004002,"Block Group 2, Census Tract 4, District of Columbia, District of Columbia",410,82,32,31,3,4,27,28,103,48,111,55,26,19,46,24,6,9,23,21,8,8,7,7,18,27
1500000US110010005011,110010005011,"Block Group 1, Census Tract 5.01, District of Columbia, District of Columbia",1201,269,21,33,7,16,20,34,163,87,313,137,140,75,229,142,54,60,74,81,84,63,53,50,43,69
1500000US110010005012,110010005012,"Block Group 2, Census Tract 5.01, District of Columbia, District of Columbia",1249,200,16,25,53,72,61,48,221,93,325,127,112,67,194,91,8,13,127,80,31,36,62,51,39,45
1500000US110010005021,110010005021,"Block Group 1, Census Tract 5.02, District of Columbia, District of Columbia",935,151,11,18,36,38,39,44,150,62,307,102,59,33,169,68,39,32,36,30,59,45,22,21,8,13
1500000US110010005022,110010005022,"Block Group 2, Census Tract 5.02, District of Columbia, District of Columbia",1026,164,0,12,54,40,15,20,47,35,215,93,96,61,284,89,69,33,170,84,46,31,30,24,0,12
1500000US110010006001,110010006001,"Block Group 1, Census Tract 6, District of Columbia, District of Columbia",805,243,0,12,0,12,59,57,133,97,194,105,47,44,231,118,32,36,27,34,43,51,39,45,0,12
1500000US110010006002,110010006002,"Block Group 2, Census Tract 6, District of Columbia, District of Columbia",445,136,0,12,17,30,38,44,77,90,87,60,89,51,76,46,13,22,33,32,15,23,0,12,0,12
1500000US110010006003,110010006003,"Block Group 3, Census Tract 6, District of Columbia, District of Columbia",375,102,0,12,10,19,48,45,54,40,0,12,30,34,78,60,23,36,34,56,30,34,41,46,27,32
1500000US110010006004,110010006004,"Block Group 4, Census Tract 6, District of Columbia, District of Columbia",1106,231,0,12,0,12,45,45,187,138,142,93,191,107,279,121,39,44,94,67,43,34,45,57,41,49
1500000US110010007011,110010007011,"Block Group 1, Census Tract 7.01, District of Columbia, District of Columbia",742,174,0,12,15,24,29,35,205,96,149,79,42,48,103,97,44,42,11,19,118,69,15,25,11,17
1500000US110010007012,110010007012,"Block Group 2, Census Tract 7.01, District of Columbia, District of Columbia",772,229,0,12,0,12,79,71,181,119,150,110,64,65,153,94,24,28,45,43,76,81,0,12,0,12
1500000US110010007013,110010007013,"Block Group 3, Census Tract 7.01, District of Columbia, District of Columbia",872,226,0,12,19,29,98,78,155,148,266,119,82,62,103,60,33,38,17,27,61,49,16,24,22,35
1500000US110010007014,110010007014,"Block Group 4, Census Tract 7.01, District of Columbia, District of Columbia",470,148,43,71,32,36,70,110,14,22,15,24,41,38,133,82,25,29,15,24,50,45,22,36,10,16
1500000US110010007021,110010007021,"Block Group 1, Census Tract 7.02, District of Columbia, District of Columbia",1047,217,0,12,8,13,92,88,141,92,144,100,125,77,210,91,14,23,117,82,118,80,59,45,19,31
1500000US110010007022,110010007022,"Block Group 2, Census Tract 7.02, District of Columbia, District of Columbia",502,150,0,12,0,12,50,42,12,20,38,39,24,28,202,111,14,23,27,31,58,41,77,65,0,12
1500000US110010007023,110010007023,"Block Group 3, Census Tract 7.02, District of Columbia, District of Columbia",796,301,0,12,14,22,13,21,39,37,103,103,23,28,308,229,68,52,53,45,88,73,61,62,26,30
1500000US110010008011,110010008011,"Block Group 1, Census Tract 8.01, District of Columbia, District of Columbia",1103,306,0,12,0,12,65,52,208,105,197,90,92,65,287,221,52,50,100,64,24,40,78,78,0,12
1500000US110010008012,110010008012,"Block Group 2, Census Tract 8.01, District of Columbia, District of Columbia",332,117,0,12,15,24,21,35,86,61,84,57,38,42,19,32,18,28,34,38,17,25,0,12,0,12
1500000US110010008013,110010008013,"Block Group 3, Census Tract 8.01, District of Columbia, District of Columbia",938,219,44,43,78,69,90,89,177,89,138,74,53,52,151,79,40,45,105,94,37,42,25,42,0,12
1500000US110010008014,110010008014,"Block Group 4, Census Tract 8.01, District of Columbia, District of Columbia",574,272,9,20,57,79,38,42,122,104,82,62,21,33,119,114,82,94,22,34,4,9,0,12,18,27
1500000US110010008021,110010008021,"Block Group 1, Census Tract 8.02, District of Columbia, District of Columbia",1049,154,12,18,7,13,41,27,184,90,228,79,57,38,139,54,46,47,48,36,238,91,41,38,8,13
1500000US110010008022,110010008022,"Block Group 2, Census Tract 8.02, District of Columbia, District of Columbia",465,115,0,12,40,49,15,16,91,50,71,46,0,12,88,69,5,8,65,39,68,50,22,20,0,12
1500000US110010009011,110010009011,"Block Group 1, Census Tract 9.01, District of Columbia, District of Columbia",514,113,17,19,11,19,0,12,70,45,118,60,0,12,182,92,16,19,49,35,42,30,9,13,0,12
1500000US110010009012,110010009012,"Block Group 2, Census Tract 9.01, District of Columbia, District of Columbia",606,148,9,14,23,37,80,54,77,44,117,53,70,36,130,71,30,27,36,45,21,23,0,12,13,21
1500000US110010009013,110010009013,"Block Group 3, Census Tract 9.01, District of Columbia, District of Columbia",1050,253,65,47,131,85,116,72,111,64,119,64,32,29,211,121,37,32,37,32,96,51,46,45,49,43
1500000US110010009021,110010009021,"Block Group 1, Census Tract 9.02, District of Columbia, District of Columbia",432,83,0,12,33,29,26,23,65,29,68,33,82,56,68,34,20,17,21,17,23,24,14,20,12,15
1500000US110010009022,110010009022,"Block Group 2, Census Tract 9.02, District of Columbia, District of Columbia",731,123,19,28,28,19,58,37,130,58,107,38,73,42,110,52,29,29,50,33,87,38,22,27,18,20
1500000US110010010011,110010010011,"Block Group 1, Census Tract 10.01, District of Columbia, District of Columbia",418,126,11,19,25,30,45,51,57,44,28,34,16,27,101,69,44,53,38,42,36,35,17,26,0,12
1500000US110010010012,110010010012,"Block Group 2, Census Tract 10.01, District of Columbia, District of Columbia",910,205,0,12,51,43,43,70,92,94,137,89,95,69,222,90,41,39,80,68,114,93,35,31,0,12
1500000US110010010013,110010010013,"Block Group 3, Census Tract 10.01, District of Columbia, District of Columbia",473,137,16,26,16,26,19,30,18,28,112,68,45,45,111,57,92,69,0,12,44,37,0,12,0,12
1500000US110010010014,110010010014,"Block Group 4, Census Tract 10.01, District of Columbia, District of Columbia",813,198,0,12,4,8,40,35,16,22,51,49,100,71,226,133,118,130,143,136,105,72,0,12,10,22
1500000US110010010015,110010010015,"Block Group 5, Census Tract 10.01, District of Columbia, District of Columbia",363,115,16,27,47,67,29,34,61,31,41,44,29,33,19,29,0,12,33,37,71,50,0,12,17,27
1500000US110010010016,110010010016,"Block Group 6, Census Tract 10.01, District of Columbia, District of Columbia",523,129,0,12,0,12,31,34,31,35,32,34,85,57,212,105,54,48,58,67,0,12,20,31,0,12
1500000US110010010021,110010010021,"Block Group 1, Census Tract 10.02, District of Columbia, District of Columbia",671,207,0,12,77,76,212,185,76,64,54,84,0,12,12,20,18,26,7,13,199,128,16,25,0,12
1500000US110010010022,110010010022,"Block Group 2, Census Tract 10.02, District of Columbia, District of Columbia",1051,253,19,34,72,55,81,62,106,100,212,101,98,71,128,76,83,62,65,44,118,80,38,46,31,48
1500000US110010010023,110010010023,"Block Group 3, Census Tract 10.02, District of Columbia, District of Columbia",485,173,0,12,53,76,0,12,45,44,61,63,33,34,158,104,33,28,0,12,96,65,6,13,0,12
1500000US110010011001,110010011001,"Block Group 1, Census Tract 11, District of Columbia, District of Columbia",996,190,0,12,25,22,33,37,31,37,136,88,131,77,156,82,158,96,85,62,201,85,19,32,21,33
1500000US110010011002,110010011002,"Block Group 2, Census Tract 11, District of Columbia, District of Columbia",566,174,26,34,15,25,32,33,33,35,51,46,62,50,187,93,70,52,35,38,55,51,0,12,0,12
1500000US110010011003,110010011003,"Block Group 3, Census Tract 11, District of Columbia, District of Columbia",451,110,0,12,16,25,35,40,56,50,67,48,44,40,170,107,0,12,0,12,63,51,0,12,0,12
1500000US110010011004,110010011004,"Block Group 4, Census Tract 11, District of Columbia, District of Columbia",326,96,24,37,5,11,0,12,7,12,18,29,88,49,50,47,0,12,25,39,71,70,37,40,1,3
1500000US110010012001,110010012001,"Block Group 1, Census Tract 12, District of Columbia, District of Columbia",1030,202,0,12,16,26,103,76,36,41,192,107,36,31,286,123,50,41,126,69,138,87,47,43,0,12
1500000US110010012002,110010012002,"Block Group 2, Census Tract 12, District of Columbia, District of Columbia",570,197,0,12,29,33,22,21,44,47,98,88,86,81,203,119,38,33,29,36,21,34,0,12,0,12
1500000US110010012003,110010012003,"Block Group 3, Census Tract 12, District of Columbia, District of Columbia",473,169,0,12,0,12,15,25,32,28,85,63,121,107,171,93,18,29,19,30,12,21,0,12,0,12
1500000US110010012004,110010012004,"Block Group 4, Census Tract 12, District of Columbia, District of Columbia",733,196,51,58,16,24,8,13,38,44,81,52,121,85,183,150,62,56,20,32,125,71,13,23,15,24
1500000US110010013011,110010013011,"Block Group 1, Census Tract 13.01, District of Columbia, District of Columbia",1085,220,12,19,0,12,24,36,15,25,386,138,85,68,237,99,36,39,128,74,75,67,87,103,0,12
1500000US110010013012,110010013012,"Block Group 2, Census Tract 13.01, District of Columbia, District of Columbia",401,149,0,12,21,33,56,67,72,72,47,51,15,23,86,73,42,48,0,12,42,47,20,35,0,12
1500000US110010013013,110010013013,"Block Group 3, Census Tract 13.01, District of Columbia, District of Columbia",1113,241,25,37,0,12,20,31,39,42,106,63,122,72,443,179,49,42,82,61,183,115,13,24,31,35
1500000US110010013021,110010013021,"Block Group 1, Census Tract 13.02, District of Columbia, District of Columbia",1325,286,0,12,22,35,67,65,135,108,321,164,162,113,257,141,87,84,88,81,103,86,83,79,0,12
1500000US110010013022,110010013022,"Block Group 2, Census Tract 13.02, District of Columbia, District of Columbia",3434,526,48,57,153,167,146,104,484,259,469,209,551,236,920,276,164,108,206,135,159,109,134,151,0,12
1500000US110010013023,110010013023,"Block Group 3, Census Tract 13.02, District of Columbia, District of Columbia",388,234,0,12,0,12,24,38,51,52,86,98,42,52,72,85,24,40,0,12,89,71,0,12,0,12
1500000US110010014011,110010014011,"Block Group 1, Census Tract 14.01, District of Columbia, District of Columbia",1158,150,7,11,31,47,25,24,76,57,124,58,106,52,253,107,133,72,116,59,178,65,102,61,7,13
1500000US110010014012,110010014012,"Block Group 2, Census Tract 14.01, District of Columbia, District of Columbia",451,65,14,21,15,16,17,18,14,16,37,26,76,38,150,59,29,21,41,37,58,40,0,12,0,12
1500000US110010014021,110010014021,"Block Group 1, Census Tract 14.02, District of Columbia, District of Columbia",356,86,0,12,19,21,0,12,10,16,35,28,49,29,103,47,28,24,28,27,51,34,33,24,0,12
1500000US110010014022,110010014022,"Block Group 2, Census Tract 14.02, District of Columbia, District of Columbia",334,104,0,12,6,11,16,17,43,30,79,45,23,28,86,78,30,28,20,16,31,39,0,12,0,12
1500000US110010014023,110010014023,"Block Group 3, Census Tract 14.02, District of Columbia, District of Columbia",819,294,0,12,0,12,50,71,103,83,52,37,57,33,143,77,84,67,101,59,183,81,8,13,38,49
1500000US110010015001,110010015001,"Block Group 1, Census Tract 15, District of Columbia, District of Columbia",873,298,16,24,47,46,40,40,76,50,231,221,133,90,60,55,106,68,18,26,122,96,0,12,24,39
1500000US110010015002,110010015002,"Block Group 2, Census Tract 15, District of Columbia, District of Columbia",450,148,0,12,27,44,24,27,0,12,84,67,64,58,125,80,23,26,32,36,48,38,23,33,0,12
1500000US110010015003,110010015003,"Block Group 3, Census Tract 15, District of Columbia, District of Columbia",292,149,15,24,16,24,0,12,12,19,17,25,19,30,170,148,0,12,0,12,43,43,0,12,0,12
1500000US110010015004,110010015004,"Block Group 4, Census Tract 15, District of Columbia, District of Columbia",619,159,0,12,36,37,56,54,75,78,67,46,30,34,118,67,29,33,143,92,65,53,0,12,0,12
1500000US110010015005,110010015005,"Block Group 5, Census Tract 15, District of Columbia, District of Columbia",429,114,0,12,10,16,9,16,66,64,74,55,29,36,110,64,43,40,27,41,61,71,0,12,0,12
1500000US110010016001,110010016001,"Block Group 1, Census Tract 16, District of Columbia, District of Columbia",551,119,0,12,0,12,37,28,62,71,43,35,76,44,73,44,32,29,106,82,80,47,34,27,8,15
1500000US110010016002,110010016002,"Block Group 2, Census Tract 16, District of Columbia, District of Columbia",334,113,0,12,0,12,11,17,19,20,23,22,30,30,53,33,56,37,29,31,93,67,10,16,10,15
1500000US110010016003,110010016003,"Block Group 3, Census Tract 16, District of Columbia, District of Columbia",310,103,1,2,32,34,12,19,14,16,66,53,34,32,45,41,6,9,21,17,20,23,14,17,45,49
1500000US110010016004,110010016004,"Block Group 4, Census Tract 16, District of Columbia, District of Columbia",762,209,0,12,22,25,0,12,88,57,85,71,61,55,250,150,40,32,52,42,140,68,24,23,0,12
1500000US110010017021,110010017021,"Block Group 1, Census Tract 17.02, District of Columbia, District of Columbia",960,207,0,12,16,23,49,34,107,74,158,78,111,57,168,74,40,35,104,61,123,54,84,85,0,12
1500000US110010017022,110010017022,"Block Group 2, Census Tract 17.02, District of Columbia, District of Columbia",812,193,10,16,21,23,36,27,23,27,95,65,82,51,176,90,113,57,49,38,124,71,83,63,0,12
1500000US110010018031,110010018031,"Block Group 1, Census Tract 18.03, District of Columbia, District of Columbia",631,131,0,12,39,39,35,34,65,43,56,43,44,29,159,72,32,27,7,13,111,64,83,62,0,12
1500000US110010018032,110010018032,"Block Group 2, Census Tract 18.03, District of Columbia, District of Columbia",1290,254,0,12,26,41,48,47,72,56,285,132,83,61,293,119,22,22,77,47,142,78,164,83,78,65
1500000US110010018041,110010018041,"Block Group 1, Census Tract 18.04, District of Columbia, District of Columbia",597,205,0,12,0,12,50,68,81,64,42,56,34,32,129,96,106,90,55,76,72,89,28,32,0,12
1500000US110010018042,110010018042,"Block Group 2, Census Tract 18.04, District of Columbia, District of Columbia",777,432,12,18,60,71,0,12,33,30,59,92,73,119,114,86,103,85,170,127,99,108,40,31,14,22
1500000US110010018043,110010018043,"Block Group 3, Census Tract 18.04, District of Columbia, District of Columbia",1351,323,16,26,45,69,278,234,161,126,177,127,25,22,237,120,138,90,34,31,193,114,16,26,31,31
1500000US110010019011,110010019011,"Block Group 1, Census Tract 19.01, District of Columbia, District of Columbia",433,138,0,12,8,13,7,17,62,85,55,38,0,12,184,102,8,12,6,10,94,67,9,14,0,12
1500000US110010019012,110010019012,"Block Group 2, Census Tract 19.01, District of Columbia, District of Columbia",510,179,0,12,58,61,18,21,121,75,32,32,15,17,27,26,13,23,66,47,72,58,75,55,13,20
1500000US110010019013,110010019013,"Block Group 3, Census Tract 19.01, District of Columbia, District of Columbia",537,172,0,12,23,35,0,12,43,32,49,39,0,12,111,68,0,12,53,43,161,89,90,59,7,12
1500000US110010019014,110010019014,"Block Group 4, Census Tract 19.01, District of Columbia, District of Columbia",352,252,0,12,0,12,41,51,24,22,17,20,13,14,88,55,7,12,39,47,72,62,51,52,0,12
1500000US110010019021,110010019021,"Block Group 1, Census Tract 19.02, District of Columbia, District of Columbia",721,172,0,12,0,12,18,17,18,16,93,57,46,50,198,74,38,27,68,49,127,90,103,57,12,19
1500000US110010019022,110010019022,"Block Group 2, Census Tract 19.02, District of Columbia, District of Columbia",536,143,42,48,6,9,5,9,57,42,9,13,41,39,206,97,10,12,41,30,79,59,40,37,0,12
1500000US110010020011,110010020011,"Block Group 1, Census Tract 20.01, District of Columbia, District of Columbia",662,197,0,12,14,20,42,30,66,42,97,44,23,24,150,67,25,25,46,41,149,97,36,33,14,23
1500000US110010020012,110010020012,"Block Group 2, Census Tract 20.01, District of Columbia, District of Columbia",702,151,0,12,28,30,46,36,98,51,86,45,18,16,159,72,33,30,131,65,37,29,66,45,0,12
1500000US110010020021,110010020021,"Block Group 1, Census Tract 20.02, District of Columbia, District of Columbia",465,115,0,12,13,14,22,25,11,17,48,42,32,27,92,49,62,59,42,44,47,37,62,56,34,41
1500000US110010020022,110010020022,"Block Group 2, Census Tract 20.02, District of Columbia, District of Columbia",813,212,0,12,7,11,112,86,69,56,77,54,136,127,198,96,12,18,63,57,63,37,73,56,3,10
1500000US110010020023,110010020023,"Block Group 3, Census Tract 20.02, District of Columbia, District of Columbia",637,137,0,12,11,19,71,41,82,56,140,71,32,24,95,63,79,65,20,20,21,21,59,46,27,23
1500000US110010021011,110010021011,"Block Group 1, Census Tract 21.01, District of Columbia, District of Columbia",842,291,0,12,0,12,0,12,8,13,231,180,31,49,321,183,7,12,0,12,149,105,95,110,0,12
1500000US110010021012,110010021012,"Block Group 2, Census Tract 21.01, District of Columbia, District of Columbia",670,256,0,12,0,12,17,29,0,12,78,75,84,82,116,100,49,50,13,23,225,173,88,88,0,12
1500000US110010021013,110010021013,"Block Group 3, Census Tract 21.01, District of Columbia, District of Columbia",456,203,0,12,0,12,26,46,59,55,83,59,39,47,116,115,0,12,0,12,84,78,13,21,36,63
1500000US110010021014,110010021014,"Block Group 4, Census Tract 21.01, District of Columbia, District of Columbia",434,195,0,12,0,12,12,23,41,38,98,78,0,12,108,92,0,12,65,63,0,12,77,100,33,41
1500000US110010021015,110010021015,"Block Group 5, Census Tract 21.01, District of Columbia, District of Columbia",410,201,0,12,0,12,0,12,0,12,164,148,0,12,158,116,0,12,7,13,44,41,20,32,17,28
1500000US110010021021,110010021021,"Block Group 1, Census Tract 21.02, District of Columbia, District of Columbia",451,151,0,12,44,55,79,62,10,15,89,49,0,12,155,105,21,22,13,22,25,21,15,24,0,12
1500000US110010021022,110010021022,"Block Group 2, Census Tract 21.02, District of Columbia, District of Columbia",299,105,0,12,8,13,0,12,22,18,62,45,18,20,78,70,22,19,15,17,43,35,20,25,11,16
1500000US110010021023,110010021023,"Block Group 3, Census Tract 21.02, District of Columbia, District of Columbia",502,155,0,12,0,12,0,12,82,94,48,48,82,74,170,91,0,12,9,13,18,21,14,17,79,61
1500000US110010021024,110010021024,"Block Group 4, Census Tract 21.02, District of Columbia, District of Columbia",445,202,0,12,9,14,8,14,68,59,104,92,65,64,60,65,0,12,0,12,65,59,66,57,0,12
1500000US110010021025,110010021025,"Block Group 5, Census Tract 21.02, District of Columbia, District of Columbia",418,123,0,12,0,12,9,14,43,43,49,42,42,54,76,64,17,19,18,19,31,32,133,84,0,12
1500000US110010021026,110010021026,"Block Group 6, Census Tract 21.02, District of Columbia, District of Columbia",318,172,0,12,0,12,18,29,25,31,72,82,37,46,93,72,0,12,10,15,48,67,15,16,0,12
1500000US110010022011,110010022011,"Block Group 1, Census Tract 22.01, District of Columbia, District of Columbia",939,283,0,12,10,16,10,17,62,57,222,138,28,42,308,215,8,14,43,39,144,108,104,58,0,12
1500000US110010022012,110010022012,"Block Group 2, Census Tract 22.01, District of Columbia, District of Columbia",534,169,0,12,22,34,28,36,50,62,98,71,7,13,152,77,43,35,44,42,34,34,37,49,19,21
1500000US110010022013,110010022013,"Block Group 3, Census Tract 22.01, District of Columbia, District of Columbia",397,109,0,12,0,12,24,22,13,20,37,38,21,32,119,71,10,15,13,18,94,59,52,45,14,23
1500000US110010022021,110010022021,"Block Group 1, Census Tract 22.02, District of Columbia, District of Columbia",837,257,9,20,5,10,0,12,20,23,127,140,0,12,365,181,18,29,72,49,78,47,138,65,5,11
1500000US110010022022,110010022022,"Block Group 2, Census Tract 22.02, District of Columbia, District of Columbia",405,122,0,12,52,58,29,34,8,12,27,26,10,17,69,39,20,23,73,57,16,19,101,58,0,12
1500000US110010022023,110010022023,"Block Group 3, Census Tract 22.02, District of Columbia, District of Columbia",355,135,0,12,7,12,45,53,51,37,150,103,35,43,23,26,12,19,7,11,19,23,6,11,0,12
1500000US110010023011,110010023011,"Block Group 1, Census Tract 23.01, District of Columbia, District of Columbia",919,195,0,12,13,17,62,57,105,49,137,100,116,81,231,66,28,31,58,42,81,48,88,61,0,12
1500000US110010023012,110010023012,"Block Group 2, Census Tract 23.01, District of Columbia, District of Columbia",803,165,0,12,19,24,10,13,53,39,80,47,33,26,324,160,33,28,37,34,184,78,30,32,0,12
1500000US110010023021,110010023021,"Block Group 1, Census Tract 23.02, District of Columbia, District of Columbia",746,158,0,12,31,33,110,74,49,41,48,34,49,42,190,89,49,47,46,33,95,57,56,48,23,36
1500000US110010024001,110010024001,"Block Group 1, Census Tract 24, District of Columbia, District of Columbia",318,92,0,12,8,13,0,12,0,12,0,12,84,49,108,52,14,17,35,43,45,38,24,28,0,12
1500000US110010024002,110010024002,"Block Group 2, Census Tract 24, District of Columbia, District of Columbia",633,159,0,12,0,12,20,30,9,13,103,56,56,53,283,127,57,38,12,19,60,29,26,30,7,11
1500000US110010024003,110010024003,"Block Group 3, Census Tract 24, District of Columbia, District of Columbia",602,147,0,12,38,38,26,28,51,50,177,109,71,45,51,38,49,47,23,28,67,58,49,43,0,12
1500000US110010024004,110010024004,"Block Group 4, Census Tract 24, District of Columbia, District of Columbia",792,230,0,12,32,50,105,58,68,34,86,69,61,55,204,90,12,16,52,47,63,42,109,64,0,12
1500000US110010025011,110010025011,"Block Group 1, Census Tract 25.01, District of Columbia, District of Columbia",543,216,36,57,0,12,17,20,0,12,38,39,0,12,182,101,25,34,74,71,49,38,64,61,58,64
1500000US110010025012,110010025012,"Block Group 2, Census Tract 25.01, District of Columbia, District of Columbia",677,164,10,14,4,8,25,25,59,29,53,38,79,42,217,80,101,121,27,23,79,49,23,24,0,12
1500000US110010025021,110010025021,"Block Group 1, Census Tract 25.02, District of Columbia, District of Columbia",648,250,0,12,31,50,10,21,94,76,85,111,155,163,111,96,15,25,39,40,12,20,47,54,49,64
1500000US110010025022,110010025022,"Block Group 2, Census Tract 25.02, District of Columbia, District of Columbia",1051,298,0,12,0,12,12,27,170,206,145,84,37,46,143,90,72,80,235,164,183,122,34,53,20,30
1500000US110010025023,110010025023,"Block Group 3, Census Tract 25.02, District of Columbia, District of Columbia",691,455,0,12,0,12,98,81,80,81,122,130,27,40,72,49,15,25,89,120,128,94,15,25,45,91
1500000US110010025024,110010025024,"Block Group 4, Census Tract 25.02, District of Columbia, District of Columbia",1074,307,0,12,0,12,0,12,171,107,320,160,0,12,93,73,49,54,223,196,90,70,96,96,32,40
1500000US110010026001,110010026001,"Block Group 1, Census Tract 26, District of Columbia, District of Columbia",630,114,0,12,0,12,29,27,67,36,134,61,56,44,133,54,20,17,11,13,24,17,136,99,20,30
1500000US110010026002,110010026002,"Block Group 2, Census Tract 26, District of Columbia, District of Columbia",612,129,5,9,6,9,39,24,109,44,91,40,43,30,111,56,16,15,76,64,58,30,42,34,16,20
1500000US110010027011,110010027011,"Block Group 1, Census Tract 27.01, District of Columbia, District of Columbia",472,241,0,12,0,12,27,38,22,32,118,101,62,52,77,60,71,93,12,25,41,45,42,46,0,12
1500000US110010027012,110010027012,"Block Group 2, Census Tract 27.01, District of Columbia, District of Columbia",959,216,0,12,0,12,43,51,55,58,114,70,97,71,213,110,74,51,132,77,156,90,75,58,0,12
1500000US110010027013,110010027013,"Block Group 3, Census Tract 27.01, District of Columbia, District of Columbia",508,122,0,12,0,12,27,32,90,72,106,69,37,62,118,91,0,12,11,19,52,45,62,47,5,10
1500000US110010027014,110010027014,"Block Group 4, Census Tract 27.01, District of Columbia, District of Columbia",929,201,0,12,17,26,82,84,35,60,171,134,30,30,114,76,97,74,101,91,104,97,178,137,0,12
1500000US110010027021,110010027021,"Block Group 1, Census Tract 27.02, District of Columbia, District of Columbia",955,269,0,12,0,12,90,96,27,31,192,116,33,36,136,92,113,85,70,62,197,163,68,74,29,47
1500000US110010027022,110010027022,"Block Group 2, Census Tract 27.02, District of Columbia, District of Columbia",1589,294,0,12,32,39,102,78,243,115,311,164,29,33,343,115,105,79,188,108,171,123,53,49,12,19
1500000US110010027023,110010027023,"Block Group 3, Census Tract 27.02, District of Columbia, District of Columbia",1444,338,13,25,0,12,21,25,70,52,319,153,92,74,638,242,32,43,54,51,141,74,36,29,28,42
1500000US110010028011,110010028011,"Block Group 1, Census Tract 28.01, District of Columbia, District of Columbia",706,168,0,12,15,11,44,38,60,58,152,71,36,22,144,86,81,51,78,47,76,56,20,20,0,12
1500000US110010028012,110010028012,"Block Group 2, Census Tract 28.01, District of Columbia, District of Columbia",1434,310,29,45,61,67,99,88,84,68,239,162,66,67,318,127,40,37,29,32,235,118,188,146,46,59
1500000US110010028021,110010028021,"Block Group 1, Census Tract 28.02, District of Columbia, District of Columbia",1750,319,0,12,91,93,101,66,184,80,169,76,110,60,575,171,60,54,59,50,194,93,130,71,77,71
1500000US110010028022,110010028022,"Block Group 2, Census Tract 28.02, District of Columbia, District of Columbia",1158,245,0,12,0,12,52,39,164,113,119,88,131,131,356,123,35,31,94,72,151,81,56,50,0,12
1500000US110010029001,110010029001,"Block Group 1, Census Tract 29, District of Columbia, District of Columbia",1267,248,0,12,7,11,38,30,75,46,329,141,92,51,288,91,78,50,134,70,135,63,86,52,5,9
1500000US110010029002,110010029002,"Block Group 2, Census Tract 29, District of Columbia, District of Columbia",1698,262,0,12,27,28,83,54,72,43,158,75,180,106,384,141,258,139,119,65,259,118,136,56,22,33
1500000US110010030001,110010030001,"Block Group 1, Census Tract 30, District of Columbia, District of Columbia",1061,208,0,12,9,13,30,29,54,57,219,81,167,87,334,109,14,17,57,48,122,53,55,56,0,12
1500000US110010030002,110010030002,"Block Group 2, Census Tract 30, District of Columbia, District of Columbia",814,185,0,12,5,10,0,12,94,68,116,60,64,52,263,110,43,55,43,34,77,45,77,55,32,31
1500000US110010031001,110010031001,"Block Group 1, Census Tract 31, District of Columbia, District of Columbia",2008,280,0,12,77,48,32,32,295,111,222,113,187,86,422,128,135,74,84,54,203,86,279,167,72,44
1500000US110010032001,110010032001,"Block Group 1, Census Tract 32, District of Columbia, District of Columbia",510,174,1,2,0,12,7,12,34,46,68,63,70,58,165,77,30,40,21,29,51,44,14,26,49,74
1500000US110010032002,110010032002,"Block Group 2, Census Tract 32, District of Columbia, District of Columbia",512,162,0,12,49,45,0,12,19,23,133,100,37,26,63,33,86,57,52,58,26,27,30,42,17,21
1500000US110010032003,110010032003,"Block Group 3, Census Tract 32, District of Columbia, District of Columbia",741,300,0,12,6,11,6,20,129,121,182,164,63,35,146,94,32,36,66,59,28,33,44,28,39,48
1500000US110010032004,110010032004,"Block Group 4, Census Tract 32, District of Columbia, District of Columbia",762,247,28,33,0,12,100,89,112,71,155,90,57,50,115,92,83,60,24,22,61,40,27,24,0,12
1500000US110010033011,110010033011,"Block Group 1, Census Tract 33.01, District of Columbia, District of Columbia",846,231,0,12,23,27,80,48,156,115,109,59,107,90,208,119,0,12,26,23,81,59,56,42,0,12
1500000US110010033012,110010033012,"Block Group 2, Census Tract 33.01, District of Columbia, District of Columbia",1043,289,0,12,0,12,118,77,281,219,119,93,9,14,136,69,38,31,45,36,178,138,113,118,6,11
1500000US110010033013,110010033013,"Block Group 3, Census Tract 33.01, District of Columbia, District of Columbia",699,166,0,12,32,29,31,30,154,81,123,54,35,35,161,76,8,13,16,18,114,67,15,22,10,16
1500000US110010033021,110010033021,"Block Group 1, Census Tract 33.02, District of Columbia, District of Columbia",650,123,0,12,19,14,87,62,43,20,99,41,39,25,178,64,39,25,0,12,61,35,85,40,0,12
1500000US110010033022,110010033022,"Block Group 2, Census Tract 33.02, District of Columbia, District of Columbia",748,144,0,12,23,28,56,31,105,44,139,61,37,24,160,73,58,35,34,23,107,41,17,16,12,17
1500000US110010034001,110010034001,"Block Group 1, Census Tract 34, District of Columbia, District of Columbia",530,200,0,12,31,32,93,67,14,23,42,41,26,41,169,104,0,12,6,11,50,40,99,118,0,12
1500000US110010034002,110010034002,"Block Group 2, Census Tract 34, District of Columbia, District of Columbia",1327,229,35,38,37,33,131,86,263,139,128,67,28,26,430,147,49,37,54,68,121,66,51,46,0,12
1500000US110010035001,110010035001,"Block Group 1, Census Tract 35, District of Columbia, District of Columbia",1213,242,0,12,55,49,47,34,173,79,180,92,68,35,252,85,98,52,58,44,106,41,147,83,29,35
1500000US110010035002,110010035002,"Block Group 2, Census Tract 35, District of Columbia, District of Columbia",1255,190,41,32,93,77,112,97,84,52,143,76,68,42,211,71,80,55,100,63,195,70,93,58,35,42
1500000US110010036001,110010036001,"Block Group 1, Census Tract 36, District of Columbia, District of Columbia",1342,290,0,12,29,47,66,65,48,48,306,144,60,47,454,171,60,83,93,95,115,92,103,82,8,16
1500000US110010036002,110010036002,"Block Group 2, Census Tract 36, District of Columbia, District of Columbia",739,287,0,12,59,72,0,12,23,38,100,74,65,64,310,181,21,35,42,33,92,73,21,35,6,11
1500000US110010036003,110010036003,"Block Group 3, Census Tract 36, District of Columbia, District of Columbia",1169,313,0,12,48,77,156,88,112,92,237,141,143,83,294,144,0,12,31,38,121,85,27,29,0,12
1500000US110010037001,110010037001,"Block Group 1, Census Tract 37, District of Columbia, District of Columbia",1192,290,0,12,21,35,80,62,232,119,185,96,118,71,278,174,61,95,133,119,21,26,49,56,14,22
1500000US110010037002,110010037002,"Block Group 2, Census Tract 37, District of Columbia, District of Columbia",1137,259,28,46,30,46,33,32,187,140,167,93,51,46,205,109,93,102,71,65,108,67,123,122,41,41
1500000US110010037003,110010037003,"Block Group 3, Census Tract 37, District of Columbia, District of Columbia",1109,243,101,159,14,22,91,86,57,62,196,115,34,39,379,155,95,99,38,45,86,71,18,27,0,12
1500000US110010038001,110010038001,"Block Group 1, Census Tract 38, District of Columbia, District of Columbia",1524,327,0,12,26,30,106,62,234,124,357,162,239,146,217,101,65,63,147,98,88,77,45,57,0,12
1500000US110010038002,110010038002,"Block Group 2, Census Tract 38, District of Columbia, District of Columbia",1239,223,0,12,7,12,33,36,128,86,166,92,168,106,301,155,142,78,38,42,158,112,98,62,0,12
1500000US110010038003,110010038003,"Block Group 3, Census Tract 38, District of Columbia, District of Columbia",334,133,0,12,0,12,0,12,52,54,87,62,49,47,89,76,45,57,0,12,0,12,12,20,0,12
1500000US110010039001,110010039001,"Block Group 1, Census Tract 39, District of Columbia, District of Columbia",935,220,20,32,17,27,45,42,117,93,161,99,62,64,223,123,54,42,39,37,107,71,76,74,14,23
1500000US110010039002,110010039002,"Block Group 2, Census Tract 39, District of Columbia, District of Columbia",788,224,0,12,0,12,13,21,126,81,135,78,59,70,222,114,70,59,0,12,99,65,27,34,37,35
1500000US110010039003,110010039003,"Block Group 3, Census Tract 39, District of Columbia, District of Columbia",852,173,13,20,79,67,17,27,67,49,217,94,26,30,163,86,106,78,0,12,105,69,59,53,0,12
1500000US110010039004,110010039004,"Block Group 4, Census Tract 39, District of Columbia, District of Columbia",473,161,0,12,0,12,16,25,63,53,59,57,79,67,179,115,16,25,0,12,0,12,45,41,16,25
1500000US110010040011,110010040011,"Block Group 1, Census Tract 40.01, District of Columbia, District of Columbia",1325,415,28,42,41,50,14,23,193,115,213,125,114,75,314,232,68,52,121,88,180,145,39,41,0,12
1500000US110010040012,110010040012,"Block Group 2, Census Tract 40.01, District of Columbia, District of Columbia",281,115,13,20,0,12,26,30,11,17,24,29,47,32,69,46,0,12,47,44,44,53,0,12,0,12
1500000US110010040013,110010040013,"Block Group 3, Census Tract 40.01, District of Columbia, District of Columbia",1244,271,0,12,21,30,93,66,187,141,267,131,170,107,166,94,28,31,39,34,180,108,77,79,16,25
1500000US110010040021,110010040021,"Block Group 1, Census Tract 40.02, District of Columbia, District of Columbia",528,170,0,12,0,12,17,18,109,74,100,46,74,74,71,36,33,28,29,25,61,47,9,14,25,26
1500000US110010040022,110010040022,"Block Group 2, Census Tract 40.02, District of Columbia, District of Columbia",1207,134,80,63,15,18,37,47,107,54,248,79,110,51,232,86,115,54,98,54,122,62,21,22,22,19
1500000US110010040023,110010040023,"Block Group 3, Census Tract 40.02, District of Columbia, District of Columbia",449,94,0,12,27,24,38,26,49,33,124,77,49,29,77,36,15,17,9,13,7,13,47,45,7,12
1500000US110010041001,110010041001,"Block Group 1, Census Tract 41, District of Columbia, District of Columbia",867,157,0,12,41,52,60,30,86,49,190,114,94,44,126,68,124,92,8,14,113,65,13,14,12,17
1500000US110010041002,110010041002,"Block Group 2, Census Tract 41, District of Columbia, District of Columbia",399,110,0,12,77,50,71,56,37,42,28,23,93,49,64,44,0,12,9,14,20,19,0,12,0,12
1500000US110010041003,110010041003,"Block Group 3, Census Tract 41, District of Columbia, District of Columbia",245,87,38,45,15,15,19,17,54,34,11,21,34,30,39,32,5,7,9,14,21,25,0,12,0,12
1500000US110010042011,110010042011,"Block Group 1, Census Tract 42.01, District of Columbia, District of Columbia",1134,221,12,18,0,12,95,84,130,92,192,76,175,92,220,118,99,60,38,35,158,105,0,12,15,23
1500000US110010042012,110010042012,"Block Group 2, Census Tract 42.01, District of Columbia, District of Columbia",1705,281,0,12,56,46,189,81,353,254,312,107,160,79,344,137,103,55,54,56,93,55,28,32,13,22
1500000US110010042021,110010042021,"Block Group 1, Census Tract 42.02, District of Columbia, District of Columbia",1048,176,32,44,69,53,41,29,226,91,222,75,88,48,160,77,39,49,48,36,57,35,64,60,2,4
1500000US110010042022,110010042022,"Block Group 2, Census Tract 42.02, District of Columbia, District of Columbia",948,136,15,23,23,21,44,38,195,85,190,67,84,47,129,56,24,22,67,40,67,57,59,36,51,54
1500000US110010043001,110010043001,"Block Group 1, Census Tract 43, District of Columbia, District of Columbia",1423,234,7,14,50,37,17,19,401,153,172,81,84,50,285,102,92,68,44,39,246,121,25,28,0,12
1500000US110010043002,110010043002,"Block Group 2, Census Tract 43, District of Columbia, District of Columbia",1007,281,33,33,53,37,55,51,142,77,232,103,68,63,146,64,10,16,71,81,51,42,84,87,62,70
1500000US110010044001,110010044001,"Block Group 1, Census Tract 44, District of Columbia, District of Columbia",2575,304,13,20,63,51,146,94,383,126,467,150,331,124,740,189,113,93,146,89,156,81,17,26,0,12
1500000US110010044002,110010044002,"Block Group 2, Census Tract 44, District of Columbia, District of Columbia",1540,336,0,12,39,38,189,109,315,128,271,130,99,71,302,166,105,86,92,92,116,90,0,12,12,23
1500000US110010046001,110010046001,"Block Group 1, Census Tract 46, District of Columbia, District of Columbia",546,172,0,12,80,71,41,46,116,75,42,48,9,14,93,64,36,34,56,52,33,29,28,27,12,17
1500000US110010046002,110010046002,"Block Group 2, Census Tract 46, District of Columbia, District of Columbia",1009,177,17,24,60,78,53,38,225,86,104,49,58,43,178,105,70,58,54,48,78,43,101,73,11,17
1500000US110010047011,110010047011,"Block Group 1, Census Tract 47.01, District of Columbia, District of Columbia",503,248,0,12,52,87,0,12,71,85,0,12,19,31,38,49,62,81,14,25,247,150,0,12,0,12
1500000US110010047012,110010047012,"Block Group 2, Census Tract 47.01, District of Columbia, District of Columbia",1210,262,0,12,0,12,105,99,173,100,215,116,60,48,277,127,0,12,104,91,191,104,69,54,16,26
1500000US110010047021,110010047021,"Block Group 1, Census Tract 47.02, District of Columbia, District of Columbia",1596,170,28,26,119,58,213,83,322,70,268,80,145,59,235,86,44,24,21,17,142,54,40,25,19,25
1500000US110010048011,110010048011,"Block Group 1, Census Tract 48.01, District of Columbia, District of Columbia",1497,202,0,12,5,8,104,60,131,63,192,90,263,90,478,158,77,54,39,43,112,59,63,38,33,29
1500000US110010048021,110010048021,"Block Group 1, Census Tract 48.02, District of Columbia, District of Columbia",904,213,0,12,63,70,65,43,159,84,107,60,121,62,116,55,39,31,43,45,163,89,28,27,0,12
1500000US110010048022,110010048022,"Block Group 2, Census Tract 48.02, District of Columbia, District of Columbia",1262,224,0,12,58,44,279,165,134,95,266,141,79,62,262,114,11,17,32,49,84,64,27,39,30,46
1500000US110010049011,110010049011,"Block Group 1, Census Tract 49.01, District of Columbia, District of Columbia",607,116,9,11,11,11,87,49,107,49,140,67,50,63,103,54,12,12,18,17,36,25,34,27,0,12
1500000US110010049012,110010049012,"Block Group 2, Census Tract 49.01, District of Columbia, District of Columbia",770,168,2,4,49,30,100,49,90,45,149,68,41,28,184,63,31,35,39,28,31,19,46,37,8,11
1500000US110010049021,110010049021,"Block Group 1, Census Tract 49.02, District of Columbia, District of Columbia",447,194,0,12,8,12,72,47,72,55,44,44,131,123,47,43,0,12,52,62,21,32,0,12,0,12
1500000US110010049022,110010049022,"Block Group 2, Census Tract 49.02, District of Columbia, District of Columbia",1640,216,16,17,55,38,240,95,321,159,370,117,37,33,267,105,58,45,24,22,168,68,73,65,11,17
1500000US110010050011,110010050011,"Block Group 1, Census Tract 50.01, District of Columbia, District of Columbia",638,143,0,12,4,8,56,28,143,53,100,41,41,38,232,131,5,9,14,14,23,19,3,5,17,16
1500000US110010050012,110010050012,"Block Group 2, Census Tract 50.01, District of Columbia, District of Columbia",893,225,0,12,16,20,169,121,201,82,204,95,64,45,103,61,30,22,31,27,46,30,22,23,7,10
1500000US110010050021,110010050021,"Block Group 1, Census Tract 50.02, District of Columbia, District of Columbia",992,210,18,28,42,37,91,67,192,119,90,79,127,92,210,164,123,82,40,46,59,55,0,12,0,12
1500000US110010050022,110010050022,"Block Group 2, Census Tract 50.02, District of Columbia, District of Columbia",1538,280,0,12,112,102,164,86,279,121,297,136,187,101,247,137,38,39,64,65,113,88,37,44,0,12
1500000US110010050023,110010050023,"Block Group 3, Census Tract 50.02, District of Columbia, District of Columbia",683,213,0,12,16,26,54,56,169,123,140,93,132,89,42,41,72,89,18,32,16,27,7,12,17,27
1500000US110010050024,110010050024,"Block Group 4, Census Tract 50.02, District of Columbia, District of Columbia",896,326,0,12,182,134,173,127,209,170,98,80,63,78,110,69,14,22,9,15,28,34,10,16,0,12
1500000US110010052011,110010052011,"Block Group 1, Census Tract 52.01, District of Columbia, District of Columbia",1813,428,25,38,323,276,149,134,225,125,129,91,174,143,394,231,66,92,116,128,144,99,68,61,0,12
1500000US110010052012,110010052012,"Block Group 2, Census Tract 52.01, District of Columbia, District of Columbia",1325,390,0,12,64,60,102,82,295,241,264,141,66,104,398,339,37,43,43,49,0,12,56,54,0,12
1500000US110010052013,110010052013,"Block Group 3, Census Tract 52.01, District of Columbia, District of Columbia",712,256,0,12,0,12,84,63,81,58,221,218,47,38,147,141,26,43,0,12,54,61,23,38,29,47
1500000US110010052014,110010052014,"Block Group 4, Census Tract 52.01, District of Columbia, District of Columbia",1499,427,94,145,32,38,173,107,196,130,173,142,154,107,163,114,214,192,99,122,201,133,0,12,0,12
1500000US110010053011,110010053011,"Block Group 1, Census Tract 53.01, District of Columbia, District of Columbia",738,176,13,20,42,31,55,52,44,41,157,141,68,52,155,64,51,38,73,75,80,56,0,12,0,12
1500000US110010053012,110010053012,"Block Group 2, Census Tract 53.01, District of Columbia, District of Columbia",1086,186,12,19,16,25,92,61,301,151,286,112,131,85,114,87,15,23,24,30,51,57,44,34,0,12
1500000US110010053013,110010053013,"Block Group 3, Census Tract 53.01, District of Columbia, District of Columbia",1026,167,0,12,52,40,198,90,174,127,235,98,47,44,144,66,55,48,14,22,64,60,43,39,0,12
1500000US110010053014,110010053014,"Block Group 4, Census Tract 53.01, District of Columbia, District of Columbia",971,195,0,12,13,21,165,106,53,38,299,126,133,76,81,71,84,67,0,12,60,74,65,67,18,29
1500000US110010055001,110010055001,"Block Group 1, Census Tract 55, District of Columbia, District of Columbia",654,334,1,4,0,12,19,34,107,141,173,95,0,12,217,150,0,12,0,12,0,12,111,171,26,40
1500000US110010055002,110010055002,"Block Group 2, Census Tract 55, District of Columbia, District of Columbia",1733,411,15,25,144,124,246,151,425,216,356,171,115,80,268,177,0,12,22,37,38,44,36,48,68,82
1500000US110010055003,110010055003,"Block Group 3, Census Tract 55, District of Columbia, District of Columbia",988,339,0,12,181,134,53,66,161,121,161,124,50,58,128,174,92,116,0,12,131,80,31,54,0,12
1500000US110010055004,110010055004,"Block Group 4, Census Tract 55, District of Columbia, District of Columbia",543,197,0,12,60,72,55,91,79,87,75,69,15,25,163,128,0,12,0,12,21,35,0,12,75,119
1500000US110010055005,110010055005,"Block Group 5, Census Tract 55, District of Columbia, District of Columbia",508,205,0,12,41,69,46,57,29,33,212,177,17,31,34,43,25,40,20,33,84,75,0,12,0,12
1500000US110010056001,110010056001,"Block Group 1, Census Tract 56, District of Columbia, District of Columbia",1478,318,36,43,0,12,266,161,160,119,413,189,102,80,220,121,48,49,112,117,108,72,12,21,1,2
1500000US110010056002,110010056002,"Block Group 2, Census Tract 56, District of Columbia, District of Columbia",613,164,12,18,62,60,126,64,72,50,104,71,18,25,77,63,28,36,28,33,24,38,46,55,16,29
1500000US110010056003,110010056003,"Block Group 3, Census Tract 56, District of Columbia, District of Columbia",834,265,6,15,104,76,205,155,159,81,106,75,7,16,67,58,37,77,0,12,7,15,80,69,56,89
1500000US110010056004,110010056004,"Block Group 4, Census Tract 56, District of Columbia, District of Columbia",918,355,11,12,101,85,79,75,88,62,76,42,23,30,277,220,11,18,16,25,222,159,14,23,0,12
1500000US110010058001,110010058001,"Block Group 1, Census Tract 58, District of Columbia, District of Columbia",706,126,13,20,77,39,179,71,110,68,119,73,30,25,81,48,15,24,34,27,48,25,0,12,0,12
1500000US110010058002,110010058002,"Block Group 2, Census Tract 58, District of Columbia, District of Columbia",1127,133,15,17,88,47,286,88,166,75,115,46,58,36,186,67,31,25,32,25,90,49,51,36,9,13
1500000US110010059001,110010059001,"Block Group 1, Census Tract 59, District of Columbia, District of Columbia",1943,239,43,39,120,68,239,102,386,130,345,88,95,62,332,110,44,30,132,71,187,75,20,20,0,12
1500000US110010062021,110010062021,"Block Group 1, Census Tract 62.02, District of Columbia, District of Columbia",80,95,0,12,40,63,26,41,0,12,0,12,0,12,0,12,0,12,0,12,0,12,0,12,14,22
1500000US110010064001,110010064001,"Block Group 1, Census Tract 64, District of Columbia, District of Columbia",325,98,0,12,0,12,71,43,37,41,41,39,0,12,60,33,0,12,46,49,24,37,33,31,13,14
1500000US110010064002,110010064002,"Block Group 2, Census Tract 64, District of Columbia, District of Columbia",303,106,13,21,45,36,23,20,35,40,35,38,9,13,42,32,0,12,20,22,42,30,39,38,0,12
1500000US110010065001,110010065001,"Block Group 1, Census Tract 65, District of Columbia, District of Columbia",634,141,23,26,66,42,62,38,61,52,88,51,53,40,200,81,14,21,46,36,13,17,0,12,8,13
1500000US110010065002,110010065002,"Block Group 2, Census Tract 65, District of Columbia, District of Columbia",1147,275,7,12,205,146,158,93,144,78,181,89,137,132,140,60,7,11,28,24,109,67,21,21,10,14
1500000US110010066001,110010066001,"Block Group 1, Census Tract 66, District of Columbia, District of Columbia",1201,142,16,19,44,31,206,73,159,70,222,75,82,51,211,76,69,46,51,49,86,60,28,31,27,31
1500000US110010067001,110010067001,"Block Group 1, Census Tract 67, District of Columbia, District of Columbia",809,170,4,10,79,79,58,45,126,55,126,54,54,37,135,64,113,61,26,23,60,38,28,26,0,12
1500000US110010067002,110010067002,"Block Group 2, Census Tract 67, District of Columbia, District of Columbia",894,212,0,12,35,57,76,37,69,39,172,78,57,38,247,126,77,48,62,43,51,35,48,40,0,12
1500000US110010067003,110010067003,"Block Group 3, Census Tract 67, District of Columbia, District of Columbia",858,157,15,22,6,9,80,54,75,36,141,58,115,50,290,127,8,12,10,15,62,59,28,45,28,24
1500000US110010068011,110010068011,"Block Group 1, Census Tract 68.01, District of Columbia, District of Columbia",799,135,9,21,9,21,62,37,118,50,158,66,115,68,95,35,32,24,44,32,124,56,26,16,7,11
1500000US110010068012,110010068012,"Block Group 2, Census Tract 68.01, District of Columbia, District of Columbia",411,82,0,12,23,18,20,13,53,32,40,22,41,22,86,41,29,18,40,24,32,19,28,23,19,15
1500000US110010068021,110010068021,"Block Group 1, Census Tract 68.02, District of Columbia, District of Columbia",543,94,0,12,27,29,37,21,96,50,54,33,10,11,156,54,12,13,14,13,82,39,38,33,17,24
1500000US110010068022,110010068022,"Block Group 2, Census Tract 68.02, District of Columbia, District of Columbia",719,93,32,36,13,13,38,17,43,20,150,49,72,31,175,52,10,12,58,36,91,41,32,31,5,8
1500000US110010068041,110010068041,"Block Group 1, Census Tract 68.04, District of Columbia, District of Columbia",11,18,7,17,0,12,0,12,0,12,0,12,0,12,4,6,0,12,0,12,0,12,0,12,0,12
1500000US110010069001,110010069001,"Block Group 1, Census Tract 69, District of Columbia, District of Columbia",952,124,0,12,15,17,76,54,125,67,151,71,126,71,207,74,44,50,43,32,93,47,64,62,8,13
1500000US110010069002,110010069002,"Block Group 2, Census Tract 69, District of Columbia, District of Columbia",479,104,0,12,7,10,49,40,75,36,128,57,50,35,93,47,0,12,0,12,60,40,17,23,0,12
1500000US110010070001,110010070001,"Block Group 1, Census Tract 70, District of Columbia, District of Columbia",862,161,57,90,41,27,110,62,124,65,117,68,58,36,136,55,39,30,13,13,128,50,30,29,9,14
1500000US110010070002,110010070002,"Block Group 2, Census Tract 70, District of Columbia, District of Columbia",932,319,169,134,214,206,83,59,79,51,128,59,62,38,92,60,0,12,0,12,64,36,41,36,0,12
1500000US110010071001,110010071001,"Block Group 1, Census Tract 71, District of Columbia, District of Columbia",256,92,0,12,0,12,14,17,41,42,33,31,29,36,49,35,26,27,64,71,0,12,0,12,0,12
1500000US110010071002,110010071002,"Block Group 2, Census Tract 71, District of Columbia, District of Columbia",999,200,8,13,24,28,37,34,148,72,240,88,107,77,192,80,64,44,89,69,43,32,47,35,0,12
1500000US110010072001,110010072001,"Block Group 1, Census Tract 72, District of Columbia, District of Columbia",2460,255,33,39,159,70,311,102,474,128,488,108,307,121,341,112,92,42,87,47,133,73,17,19,18,28
1500000US110010072002,110010072002,"Block Group 2, Census Tract 72, District of Columbia, District of Columbia",816,475,8,20,244,361,99,59,129,115,39,27,29,23,91,43,67,43,0,12,76,45,34,31,0,12
1500000US110010073011,110010073011,"Block Group 1, Census Tract 73.01, District of Columbia, District of Columbia",1927,400,136,90,728,340,280,111,241,89,162,70,82,53,113,70,0,12,27,29,73,48,85,49,0,12
1500000US110010073041,110010073041,"Block Group 1, Census Tract 73.04, District of Columbia, District of Columbia",554,157,8,12,19,27,0,12,62,54,39,44,43,33,124,67,45,38,16,20,69,52,119,76,10,15
1500000US110010073042,110010073042,"Block Group 2, Census Tract 73.04, District of Columbia, District of Columbia",235,100,19,31,44,31,0,12,42,52,6,10,0,12,48,34,0,12,19,30,31,36,26,42,0,12
1500000US110010073043,110010073043,"Block Group 3, Census Tract 73.04, District of Columbia, District of Columbia",159,99,0,12,5,10,0,12,16,23,47,62,0,12,13,19,23,20,19,21,23,34,13,19,0,12
1500000US110010074011,110010074011,"Block Group 1, Census Tract 74.01, District of Columbia, District of Columbia",345,91,0,12,0,12,14,21,14,16,53,29,0,12,40,29,7,11,53,38,36,28,104,60,24,25
1500000US110010074012,110010074012,"Block Group 2, Census Tract 74.01, District of Columbia, District of Columbia",162,51,0,12,0,12,6,10,18,20,18,21,6,10,32,24,12,13,4,6,50,31,13,18,3,7
1500000US110010074031,110010074031,"Block Group 1, Census Tract 74.03, District of Columbia, District of Columbia",1143,197,70,54,0,12,49,57,92,81,216,92,0,12,166,102,18,29,55,48,209,106,189,110,79,53
1500000US110010074041,110010074041,"Block Group 1, Census Tract 74.04, District of Columbia, District of Columbia",515,195,0,12,0,12,6,10,69,67,29,36,0,12,183,123,0,12,74,80,0,12,141,111,13,21
1500000US110010074042,110010074042,"Block Group 2, Census Tract 74.04, District of Columbia, District of Columbia",283,116,0,12,0,12,12,17,9,13,27,38,0,12,105,66,0,12,40,48,76,73,0,12,14,24
1500000US110010074043,110010074043,"Block Group 3, Census Tract 74.04, District of Columbia, District of Columbia",100,79,0,12,0,12,0,12,0,12,0,12,0,12,62,73,16,27,6,9,0,12,16,27,0,12
1500000US110010074061,110010074061,"Block Group 1, Census Tract 74.06, District of Columbia, District of Columbia",977,217,0,12,0,12,61,51,93,80,193,103,4,8,81,58,44,48,141,84,200,131,127,85,33,36
1500000US110010074062,110010074062,"Block Group 2, Census Tract 74.06, District of Columbia, District of Columbia",169,99,0,12,19,21,0,12,29,41,0,12,16,26,44,45,18,30,0,12,29,37,14,23,0,12
1500000US110010074071,110010074071,"Block Group 1, Census Tract 74.07, District of Columbia, District of Columbia",293,109,0,12,0,12,0,12,10,15,41,34,0,12,92,66,0,12,14,23,64,72,35,34,37,26
1500000US110010074072,110010074072,"Block Group 2, Census Tract 74.07, District of Columbia, District of Columbia",707,154,0,12,34,32,95,67,225,107,159,104,29,28,24,22,9,15,61,41,39,37,23,25,9,15
1500000US110010074081,110010074081,"Block Group 1, Census Tract 74.08, District of Columbia, District of Columbia",755,201,29,36,24,23,33,36,64,50,108,73,0,12,149,69,38,42,31,32,119,82,117,65,43,39
1500000US110010074091,110010074091,"Block Group 1, Census Tract 74.09, District of Columbia, District of Columbia",297,118,0,12,0,12,61,63,55,60,27,34,0,12,32,38,0,12,0,12,25,40,97,66,0,12
1500000US110010074092,110010074092,"Block Group 2, Census Tract 74.09, District of Columbia, District of Columbia",425,140,0,12,0,12,31,41,0,12,26,29,34,38,127,80,25,29,44,35,47,43,53,48,38,42
1500000US110010074093,110010074093,"Block Group 3, Census Tract 74.09, District of Columbia, District of Columbia",488,135,0,12,30,49,0,12,42,39,83,83,0,12,65,54,27,32,0,12,70,57,165,98,6,10
1500000US110010075021,110010075021,"Block Group 1, Census Tract 75.02, District of Columbia, District of Columbia",840,206,18,27,16,27,23,31,64,47,155,113,0,12,173,95,21,32,59,56,198,122,64,51,49,64
1500000US110010075022,110010075022,"Block Group 2, Census Tract 75.02, District of Columbia, District of Columbia",502,180,0,12,8,13,17,20,62,71,14,22,98,114,164,91,12,18,0,12,66,57,39,37,22,28
1500000US110010075031,110010075031,"Block Group 1, Census Tract 75.03, District of Columbia, District of Columbia",297,99,5,7,0,12,14,18,8,11,43,35,17,15,121,57,4,6,9,10,62,43,4,6,10,15
1500000US110010075032,110010075032,"Block Group 2, Census Tract 75.03, District of Columbia, District of Columbia",428,154,5,8,5,8,16,18,51,35,57,38,17,21,85,48,2,5,23,32,70,40,47,28,50,116
1500000US110010075041,110010075041,"Block Group 1, Census Tract 75.04, District of Columbia, District of Columbia",718,183,23,37,0,12,8,13,125,71,64,55,39,37,172,76,0,12,35,48,170,108,45,32,37,29
1500000US110010076011,110010076011,"Block Group 1, Census Tract 76.01, District of Columbia, District of Columbia",415,196,0,12,9,17,9,16,29,30,41,44,0,12,213,154,0,12,32,53,82,71,0,12,0,12
1500000US110010076012,110010076012,"Block Group 2, Census Tract 76.01, District of Columbia, District of Columbia",144,68,14,21,14,21,9,14,10,17,0,12,0,12,40,47,0,12,0,12,18,21,39,49,0,12
1500000US110010076013,110010076013,"Block Group 3, Census Tract 76.01, District of Columbia, District of Columbia",511,221,29,34,0,12,140,108,30,37,63,53,0,12,49,49,0,12,30,32,121,88,49,52,0,12
1500000US110010076014,110010076014,"Block Group 4, Census Tract 76.01, District of Columbia, District of Columbia",335,143,0,12,0,12,21,35,0,12,43,45,18,30,53,57,11,16,56,69,87,72,46,47,0,12
1500000US110010076015,110010076015,"Block Group 5, Census Tract 76.01, District of Columbia, District of Columbia",237,175,0,12,0,12,7,12,0,12,0,12,0,12,153,134,0,12,0,12,17,21,60,58,0,12
1500000US110010076031,110010076031,"Block Group 1, Census Tract 76.03, District of Columbia, District of Columbia",805,234,19,30,0,12,20,32,72,86,105,99,31,35,327,204,0,12,31,53,59,58,141,106,0,12
1500000US110010076032,110010076032,"Block Group 2, Census Tract 76.03, District of Columbia, District of Columbia",424,231,0,12,0,12,23,39,9,16,20,31,87,110,144,127,0,12,0,12,89,106,52,60,0,12
1500000US110010076033,110010076033,"Block Group 3, Census Tract 76.03, District of Columbia, District of Columbia",197,133,0,12,21,35,16,28,0,12,24,24,0,12,66,72,0,12,18,30,18,29,19,25,15,25
1500000US110010076034,110010076034,"Block Group 4, Census Tract 76.03, District of Columbia, District of Columbia",596,238,0,12,0,12,22,45,0,12,23,37,0,12,158,109,133,158,24,39,93,133,143,97,0,12
1500000US110010076041,110010076041,"Block Group 1, Census Tract 76.04, District of Columbia, District of Columbia",686,238,55,73,6,13,5,12,45,50,117,62,12,17,77,56,79,100,42,51,25,28,194,116,29,45
1500000US110010076042,110010076042,"Block Group 2, Census Tract 76.04, District of Columbia, District of Columbia",630,173,32,50,36,55,59,52,45,38,116,78,16,18,134,72,15,25,54,57,83,56,40,36,0,12
1500000US110010076043,110010076043,"Block Group 3, Census Tract 76.04, District of Columbia, District of Columbia",444,153,0,12,0,12,0,12,89,56,68,62,25,39,101,73,46,52,0,12,65,44,30,37,20,22
1500000US110010076051,110010076051,"Block Group 1, Census Tract 76.05, District of Columbia, District of Columbia",359,136,0,12,7,12,36,41,53,57,46,47,48,44,25,28,0,12,69,61,54,37,21,29,0,12
1500000US110010076052,110010076052,"Block Group 2, Census Tract 76.05, District of Columbia, District of Columbia",1018,239,22,24,0,12,29,43,60,49,181,99,92,77,247,157,44,36,25,29,115,59,110,62,93,68
1500000US110010076053,110010076053,"Block Group 3, Census Tract 76.05, District of Columbia, District of Columbia",191,113,0,12,0,12,0,12,9,15,7,10,0,12,19,30,22,27,10,16,0,12,61,56,63,77
1500000US110010077031,110010077031,"Block Group 1, Census Tract 77.03, District of Columbia, District of Columbia",209,126,0,12,0,12,0,12,61,73,56,66,28,45,49,43,0,12,0,12,15,23,0,12,0,12
1500000US110010077032,110010077032,"Block Group 2, Census Tract 77.03, District of Columbia, District of Columbia",404,170,0,12,0,12,26,41,43,68,48,55,32,51,163,123,0,12,17,27,0,12,75,94,0,12
1500000US110010077033,110010077033,"Block Group 3, Census Tract 77.03, District of Columbia, District of Columbia",643,184,0,12,11,17,21,26,112,118,29,48,15,26,288,159,16,25,0,12,46,45,103,73,2,4
1500000US110010077034,110010077034,"Block Group 4, Census Tract 77.03, District of Columbia, District of Columbia",231,125,0,12,0,12,12,21,76,72,15,30,0,12,0,12,0,12,0,12,75,84,53,58,0,12
1500000US110010077071,110010077071,"Block Group 1, Census Tract 77.07, District of Columbia, District of Columbia",781,263,0,12,11,18,19,22,40,41,158,96,77,92,130,88,44,49,68,69,57,52,87,78,90,83
1500000US110010077072,110010077072,"Block Group 2, Census Tract 77.07, District of Columbia, District of Columbia",637,141,0,12,0,12,25,19,33,42,124,74,32,30,125,62,9,16,62,72,74,68,153,82,0,12
1500000US110010077081,110010077081,"Block Group 1, Census Tract 77.08, District of Columbia, District of Columbia",354,130,0,12,0,12,0,12,0,12,15,20,26,32,32,31,0,12,23,37,153,76,93,78,12,18
1500000US110010077082,110010077082,"Block Group 2, Census Tract 77.08, District of Columbia, District of Columbia",490,170,0,12,62,86,45,55,42,47,59,48,58,50,42,49,0,12,60,55,35,29,50,46,37,39
1500000US110010077091,110010077091,"Block Group 1, Census Tract 77.09, District of Columbia, District of Columbia",450,110,0,12,5,9,37,38,58,38,60,37,12,14,59,39,5,9,15,16,129,78,60,35,10,15
1500000US110010077092,110010077092,"Block Group 2, Census Tract 77.09, District of Columbia, District of Columbia",334,112,0,12,0,12,22,35,43,41,21,17,4,7,96,58,24,30,4,8,86,60,12,13,22,33
1500000US110010078031,110010078031,"Block Group 1, Census Tract 78.03, District of Columbia, District of Columbia",274,122,0,12,0,12,0,12,47,51,54,43,0,12,114,86,0,12,0,12,37,31,22,25,0,12
1500000US110010078032,110010078032,"Block Group 2, Census Tract 78.03, District of Columbia, District of Columbia",320,110,0,12,0,12,31,39,39,32,42,33,23,24,18,27,0,12,43,49,70,62,54,48,0,12
1500000US110010078033,110010078033,"Block Group 3, Census Tract 78.03, District of Columbia, District of Columbia",307,225,7,13,0,12,47,52,16,17,0,12,28,43,76,61,21,23,0,12,26,35,86,118,0,12
1500000US110010078034,110010078034,"Block Group 4, Census Tract 78.03, District of Columbia, District of Columbia",524,173,22,33,0,12,0,12,93,88,59,51,0,12,209,123,43,47,0,12,45,44,43,35,10,16
1500000US110010078041,110010078041,"Block Group 1, Census Tract 78.04, District of Columbia, District of Columbia",289,156,69,79,0,12,0,12,63,76,0,12,0,12,19,23,0,12,8,12,96,63,4,9,30,34
1500000US110010078042,110010078042,"Block Group 2, Census Tract 78.04, District of Columbia, District of Columbia",445,170,50,47,0,12,55,54,103,87,36,37,0,12,66,76,10,12,0,12,47,37,66,59,12,19
1500000US110010078043,110010078043,"Block Group 3, Census Tract 78.04, District of Columbia, District of Columbia",331,176,0,12,0,12,0,12,21,23,135,147,28,27,63,57,0,12,21,22,10,17,53,56,0,12
1500000US110010078061,110010078061,"Block Group 1, Census Tract 78.06, District of Columbia, District of Columbia",317,92,0,12,0,12,0,12,33,35,40,50,54,57,62,40,21,26,21,18,30,19,51,34,5,7
1500000US110010078062,110010078062,"Block Group 2, Census Tract 78.06, District of Columbia, District of Columbia",379,101,0,12,10,17,6,8,33,28,54,40,53,42,49,33,11,20,11,12,94,49,58,40,0,12
1500000US110010078071,110010078071,"Block Group 1, Census Tract 78.07, District of Columbia, District of Columbia",473,103,0,12,0,12,0,12,77,42,110,68,7,11,124,60,7,16,19,21,67,38,55,33,7,11
1500000US110010078072,110010078072,"Block Group 2, Census Tract 78.07, District of Columbia, District of Columbia",274,87,0,12,13,21,3,5,16,17,48,41,0,12,59,36,14,13,12,14,36,31,49,35,24,23
1500000US110010078081,110010078081,"Block Group 1, Census Tract 78.08, District of Columbia, District of Columbia",842,345,40,59,0,12,30,48,54,60,213,140,21,34,107,81,45,71,36,56,117,85,52,53,127,105
1500000US110010078082,110010078082,"Block Group 2, Census Tract 78.08, District of Columbia, District of Columbia",211,109,9,22,0,12,0,12,0,12,46,53,11,18,59,68,8,14,12,18,11,18,41,37,14,22
1500000US110010078083,110010078083,"Block Group 3, Census Tract 78.08, District of Columbia, District of Columbia",103,77,0,12,0,12,22,31,13,19,0,12,0,12,7,11,0,12,18,20,43,39,0,12,0,12
1500000US110010078091,110010078091,"Block Group 1, Census Tract 78.09, District of Columbia, District of Columbia",780,191,24,29,12,19,8,14,65,55,39,38,53,44,295,137,0,12,61,50,82,59,125,64,16,18
1500000US110010078092,110010078092,"Block Group 2, Census Tract 78.09, District of Columbia, District of Columbia",428,147,0,12,0,12,0,12,95,56,36,35,32,31,90,67,17,27,0,12,59,48,99,98,0,12
1500000US110010079011,110010079011,"Block Group 1, Census Tract 79.01, District of Columbia, District of Columbia",130,85,21,33,0,12,0,12,18,20,48,41,0,12,43,48,0,12,0,12,0,12,0,12,0,12
1500000US110010079012,110010079012,"Block Group 2, Census Tract 79.01, District of Columbia, District of Columbia",494,118,0,12,4,8,25,28,98,56,113,54,64,69,77,46,20,31,17,19,34,31,31,28,11,17
1500000US110010079013,110010079013,"Block Group 3, Census Tract 79.01, District of Columbia, District of Columbia",573,158,0,12,0,12,53,51,87,57,109,68,67,78,31,31,24,24,7,13,155,84,35,31,5,8
1500000US110010079014,110010079014,"Block Group 4, Census Tract 79.01, District of Columbia, District of Columbia",372,115,0,12,0,12,38,41,80,48,44,55,0,12,114,61,0,12,30,28,45,33,21,25,0,12
1500000US110010079031,110010079031,"Block Group 1, Census Tract 79.03, District of Columbia, District of Columbia",831,129,11,15,9,13,87,51,79,42,139,55,58,29,115,48,14,15,102,42,88,39,63,39,66,39
1500000US110010080011,110010080011,"Block Group 1, Census Tract 80.01, District of Columbia, District of Columbia",700,252,0,12,19,20,56,48,93,76,47,42,91,73,95,63,63,67,49,38,46,30,75,85,66,82
1500000US110010080012,110010080012,"Block Group 2, Census Tract 80.01, District of Columbia, District of Columbia",834,168,0,12,13,16,45,32,102,50,106,55,46,30,276,115,55,38,71,47,95,49,16,19,9,12
1500000US110010080013,110010080013,"Block Group 3, Census Tract 80.01, District of Columbia, District of Columbia",390,170,0,12,33,40,22,21,24,28,79,43,70,54,105,76,6,12,10,16,35,28,6,10,0,12
1500000US110010080021,110010080021,"Block Group 1, Census Tract 80.02, District of Columbia, District of Columbia",937,145,0,12,49,44,45,42,130,68,156,99,62,37,228,75,25,22,56,36,130,75,56,60,0,12
1500000US110010080022,110010080022,"Block Group 2, Census Tract 80.02, District of Columbia, District of Columbia",1261,195,30,39,53,31,105,68,146,73,241,84,100,55,209,85,59,31,71,42,194,67,53,43,0,12
1500000US110010081001,110010081001,"Block Group 1, Census Tract 81, District of Columbia, District of Columbia",438,108,0,12,15,17,24,23,8,13,89,52,32,24,102,45,41,26,50,44,44,35,22,19,11,16
1500000US110010081002,110010081002,"Block Group 2, Census Tract 81, District of Columbia, District of Columbia",895,178,9,15,48,46,39,28,168,72,131,61,79,104,160,95,26,23,35,32,141,59,55,39,4,8
1500000US110010081003,110010081003,"Block Group 3, Census Tract 81, District of Columbia, District of Columbia",636,160,0,12,37,37,73,53,69,47,22,21,48,29,211,132,19,20,32,24,79,51,20,21,26,30
1500000US110010082001,110010082001,"Block Group 1, Census Tract 82, District of Columbia, District of Columbia",386,96,20,21,34,36,14,15,63,39,30,30,0,12,122,50,13,20,26,32,54,45,10,14,0,12
1500000US110010082002,110010082002,"Block Group 2, Census Tract 82, District of Columbia, District of Columbia",1444,198,39,31,122,57,239,78,239,120,194,71,25,21,285,89,91,60,12,15,178,78,10,12,10,16
1500000US110010083011,110010083011,"Block Group 1, Census Tract 83.01, District of Columbia, District of Columbia",798,180,27,29,40,38,54,36,123,74,105,57,101,45,62,41,77,46,51,43,120,111,38,33,0,12
1500000US110010083012,110010083012,"Block Group 2, Census Tract 83.01, District of Columbia, District of Columbia",856,152,0,12,58,39,118,67,217,94,164,64,57,41,107,68,16,18,35,43,63,47,14,16,7,14
1500000US110010083021,110010083021,"Block Group 1, Census Tract 83.02, District of Columbia, District of Columbia",1520,120,6,9,45,28,156,71,179,65,334,100,79,34,243,72,103,37,149,59,166,55,60,35,0,12
1500000US110010084021,110010084021,"Block Group 1, Census Tract 84.02, District of Columbia, District of Columbia",778,264,0,12,30,40,36,30,152,144,214,110,88,52,129,65,10,15,0,12,83,52,36,38,0,12
1500000US110010084022,110010084022,"Block Group 2, Census Tract 84.02, District of Columbia, District of Columbia",501,116,0,12,15,19,33,35,72,56,53,34,48,29,118,71,51,38,29,33,44,29,29,26,9,15
1500000US110010084101,110010084101,"Block Group 1, Census Tract 84.10, District of Columbia, District of Columbia",823,117,19,20,31,20,17,12,142,49,155,53,65,33,70,33,87,39,79,76,65,29,51,34,42,34
1500000US110010087011,110010087011,"Block Group 1, Census Tract 87.01, District of Columbia, District of Columbia",926,244,0,12,17,21,54,45,123,64,213,91,57,55,162,82,40,34,78,43,112,69,56,40,14,18
1500000US110010087012,110010087012,"Block Group 2, Census Tract 87.01, District of Columbia, District of Columbia",542,136,10,16,7,12,77,57,74,45,72,58,18,17,45,27,16,25,94,61,81,62,34,28,14,22
1500000US110010087021,110010087021,"Block Group 1, Census Tract 87.02, District of Columbia, District of Columbia",576,120,9,14,6,11,52,30,55,37,49,26,81,40,165,75,0,12,4,6,102,50,42,34,11,17
1500000US110010087022,110010087022,"Block Group 2, Census Tract 87.02, District of Columbia, District of Columbia",307,107,6,9,6,9,29,34,36,27,65,42,11,17,83,42,11,16,14,16,20,18,26,24,0,12
1500000US110010088021,110010088021,"Block Group 1, Census Tract 88.02, District of Columbia, District of Columbia",265,103,0,12,0,12,0,12,15,18,78,57,0,12,35,39,0,12,9,15,88,48,40,31,0,12
1500000US110010088022,110010088022,"Block Group 2, Census Tract 88.02, District of Columbia, District of Columbia",498,146,12,20,33,31,10,16,40,39,131,73,9,13,67,55,10,16,10,17,68,44,99,67,9,14
1500000US110010088023,110010088023,"Block Group 3, Census Tract 88.02, District of Columbia, District of Columbia",680,187,27,32,56,42,43,42,194,93,48,36,49,46,129,75,18,20,27,40,35,32,21,32,33,48
1500000US110010088024,110010088024,"Block Group 4, Census Tract 88.02, District of Columbia, District of Columbia",506,127,6,9,0,12,77,47,68,58,46,41,18,19,106,62,34,40,36,32,78,57,29,27,8,13
1500000US110010088031,110010088031,"Block Group 1, Census Tract 88.03, District of Columbia, District of Columbia",641,195,38,45,95,55,78,45,34,28,53,34,11,15,152,79,10,16,13,13,76,71,47,47,34,33
1500000US110010088041,110010088041,"Block Group 1, Census Tract 88.04, District of Columbia, District of Columbia",338,120,0,12,0,12,22,25,19,28,19,30,36,38,31,39,25,31,66,56,76,73,34,44,10,16
1500000US110010088042,110010088042,"Block Group 2, Census Tract 88.04, District of Columbia, District of Columbia",642,143,0,12,14,26,38,38,16,20,156,89,39,45,105,59,61,51,44,42,93,75,59,55,17,31
1500000US110010089031,110010089031,"Block Group 1, Census Tract 89.03, District of Columbia, District of Columbia",1015,209,0,12,7,11,108,82,102,50,225,95,59,61,263,116,63,63,15,17,35,33,138,90,0,12
1500000US110010089032,110010089032,"Block Group 2, Census Tract 89.03, District of Columbia, District of Columbia",282,139,0,12,0,12,9,14,27,31,0,12,46,52,27,43,41,51,27,40,41,40,57,68,7,14
1500000US110010089041,110010089041,"Block Group 1, Census Tract 89.04, District of Columbia, District of Columbia",776,185,10,18,47,50,82,67,85,56,125,72,27,42,141,86,10,15,10,15,109,68,82,48,48,49
1500000US110010089042,110010089042,"Block Group 2, Census Tract 89.04, District of Columbia, District of Columbia",539,198,0,12,13,17,41,42,75,97,75,70,13,16,196,112,22,34,5,8,67,53,32,47,0,12
1500000US110010090001,110010090001,"Block Group 1, Census Tract 90, District of Columbia, District of Columbia",526,163,0,12,47,77,0,12,52,52,91,68,57,49,103,60,36,39,64,48,52,39,24,25,0,12
1500000US110010090002,110010090002,"Block Group 2, Census Tract 90, District of Columbia, District of Columbia",525,138,0,12,9,14,0,12,57,38,69,44,36,49,192,81,25,25,33,49,52,43,35,52,17,19
1500000US110010091021,110010091021,"Block Group 1, Census Tract 91.02, District of Columbia, District of Columbia",419,107,13,20,49,42,7,11,22,26,29,24,41,41,77,57,47,65,14,17,69,50,33,31,18,22
1500000US110010091022,110010091022,"Block Group 2, Census Tract 91.02, District of Columbia, District of Columbia",966,214,8,12,35,37,89,54,223,123,88,55,74,70,134,68,54,59,28,24,70,62,147,76,16,24
1500000US110010091023,110010091023,"Block Group 3, Census Tract 91.02, District of Columbia, District of Columbia",522,159,0,12,0,12,23,37,107,71,69,47,15,25,95,57,23,35,13,21,59,54,55,40,63,55
1500000US110010092011,110010092011,"Block Group 1, Census Tract 92.01, District of Columbia, District of Columbia",998,156,30,29,37,59,112,60,101,46,147,64,39,26,152,43,59,38,79,43,162,68,73,65,7,10
1500000US110010092031,110010092031,"Block Group 1, Census Tract 92.03, District of Columbia, District of Columbia",404,160,19,22,30,28,28,32,21,24,84,72,15,18,93,72,10,15,32,31,22,27,50,49,0,12
1500000US110010092032,110010092032,"Block Group 2, Census Tract 92.03, District of Columbia, District of Columbia",920,216,0,12,13,21,10,13,66,54,201,104,41,34,257,115,40,37,52,63,121,85,71,40,48,47
1500000US110010092041,110010092041,"Block Group 1, Census Tract 92.04, District of Columbia, District of Columbia",397,116,1,4,0,12,43,50,17,24,78,37,13,18,77,46,13,18,15,23,42,48,71,56,27,43
1500000US110010092042,110010092042,"Block Group 2, Census Tract 92.04, District of Columbia, District of Columbia",465,145,0,12,75,50,24,29,27,35,28,31,0,12,90,61,60,62,15,25,43,40,76,75,27,33
1500000US110010093011,110010093011,"Block Group 1, Census Tract 93.01, District of Columbia, District of Columbia",271,132,0,12,0,12,31,49,0,12,94,118,18,22,50,40,10,16,7,11,0,12,61,50,0,12
1500000US110010093012,110010093012,"Block Group 2, Census Tract 93.01, District of Columbia, District of Columbia",429,130,0,12,0,12,5,12,118,79,66,48,17,18,78,43,23,26,48,37,62,66,12,19,0,12
1500000US110010093013,110010093013,"Block Group 3, Census Tract 93.01, District of Columbia, District of Columbia",352,146,0,12,0,12,7,13,34,35,35,42,68,87,29,28,0,12,74,60,84,76,21,34,0,12
1500000US110010093014,110010093014,"Block Group 4, Census Tract 93.01, District of Columbia, District of Columbia",358,154,11,18,0,12,59,64,51,38,36,34,10,15,113,78,7,12,15,25,34,36,22,36,0,12
1500000US110010093021,110010093021,"Block Group 1, Census Tract 93.02, District of Columbia, District of Columbia",538,87,41,32,40,32,7,9,3,7,75,44,32,19,164,53,39,29,54,33,55,35,28,26,0,12
1500000US110010094001,110010094001,"Block Group 1, Census Tract 94, District of Columbia, District of Columbia",232,110,7,11,0,12,55,62,37,45,38,33,19,25,33,42,11,17,23,19,0,12,9,15,0,12
1500000US110010094002,110010094002,"Block Group 2, Census Tract 94, District of Columbia, District of Columbia",714,213,0,12,0,12,0,12,147,87,75,56,8,12,166,93,0,12,39,30,156,78,123,74,0,12
1500000US110010094003,110010094003,"Block Group 3, Census Tract 94, District of Columbia, District of Columbia",542,163,11,18,12,21,9,14,16,19,78,67,28,29,106,71,22,36,43,32,105,71,100,72,12,19
1500000US110010094004,110010094004,"Block Group 4, Census Tract 94, District of Columbia, District of Columbia",479,212,0,12,9,16,0,12,117,78,40,36,42,54,61,42,0,12,39,50,120,79,51,61,0,12
1500000US110010095011,110010095011,"Block Group 1, Census Tract 95.01, District of Columbia, District of Columbia",1257,292,10,16,9,14,18,22,247,187,115,76,76,93,361,140,19,21,87,83,97,62,158,110,60,52
1500000US110010095012,110010095012,"Block Group 2, Census Tract 95.01, District of Columbia, District of Columbia",407,179,18,28,0,12,0,12,42,39,115,103,24,38,77,62,10,15,10,16,82,71,29,45,0,12
1500000US110010095013,110010095013,"Block Group 3, Census Tract 95.01, District of Columbia, District of Columbia",1079,233,38,51,263,118,168,80,147,70,92,53,35,32,106,54,40,64,32,29,111,75,37,39,10,16
1500000US110010095031,110010095031,"Block Group 1, Census Tract 95.03, District of Columbia, District of Columbia",704,190,43,97,0,12,62,48,93,66,137,96,28,35,113,75,70,89,61,49,38,39,59,41,0,12
1500000US110010095032,110010095032,"Block Group 2, Census Tract 95.03, District of Columbia, District of Columbia",367,143,0,12,0,12,12,12,61,76,86,72,13,19,72,55,32,38,19,30,57,43,10,16,5,9
1500000US110010095033,110010095033,"Block Group 3, Census Tract 95.03, District of Columbia, District of Columbia",330,116,0,12,0,12,0,12,7,11,53,38,11,18,72,58,16,24,45,41,117,81,9,13,0,12
1500000US110010095041,110010095041,"Block Group 1, Census Tract 95.04, District of Columbia, District of Columbia",882,169,10,17,19,21,43,36,89,63,255,93,60,45,108,62,160,96,11,19,70,40,57,33,0,12
1500000US110010095042,110010095042,"Block Group 2, Census Tract 95.04, District of Columbia, District of Columbia",499,186,0,12,15,23,45,41,8,13,96,59,29,26,94,78,38,71,28,25,93,63,53,48,0,12
1500000US110010095051,110010095051,"Block Group 1, Census Tract 95.05, District of Columbia, District of Columbia",339,114,0,12,0,12,0,12,0,12,78,49,32,32,103,74,32,40,28,31,37,49,29,33,0,12
1500000US110010095052,110010095052,"Block Group 2, Census Tract 95.05, District of Columbia, District of Columbia",375,176,0,12,0,12,16,24,82,79,30,31,0,12,65,62,67,64,0,12,25,45,74,78,16,30
1500000US110010095053,110010095053,"Block Group 3, Census Tract 95.05, District of Columbia, District of Columbia",440,165,17,22,14,25,0,12,16,26,37,53,31,40,223,126,0,12,15,22,24,41,33,40,30,41
1500000US110010095071,110010095071,"Block Group 1, Census Tract 95.07, District of Columbia, District of Columbia",576,110,0,12,19,17,50,57,77,53,122,50,10,11,76,41,54,47,51,76,70,46,32,23,15,15
1500000US110010095081,110010095081,"Block Group 1, Census Tract 95.08, District of Columbia, District of Columbia",426,186,0,12,0,12,20,30,0,12,81,62,48,52,95,70,20,30,22,27,55,50,85,73,0,12
1500000US110010095082,110010095082,"Block Group 2, Census Tract 95.08, District of Columbia, District of Columbia",619,189,0,12,32,40,45,33,88,69,168,105,0,12,94,55,40,40,51,57,47,32,20,23,34,53
1500000US110010095083,110010095083,"Block Group 3, Census Tract 95.08, District of Columbia, District of Columbia",868,266,0,12,58,67,67,74,84,83,103,95,37,34,261,117,60,56,101,92,38,49,29,26,30,48
1500000US110010095091,110010095091,"Block Group 1, Census Tract 95.09, District of Columbia, District of Columbia",467,193,0,12,0,12,26,28,22,34,51,64,95,175,110,73,0,12,37,45,64,51,29,33,33,27
1500000US110010095092,110010095092,"Block Group 2, Census Tract 95.09, District of Columbia, District of Columbia",402,217,47,66,43,61,8,12,17,18,115,82,25,40,93,63,0,12,11,16,35,28,0,12,8,14
1500000US110010095093,110010095093,"Block Group 3, Census Tract 95.09, District of Columbia, District of Columbia",547,200,0,12,14,20,31,41,119,86,49,57,17,20,191,115,12,15,26,25,78,70,10,17,0,12
1500000US110010096011,110010096011,"Block Group 1, Census Tract 96.01, District of Columbia, District of Columbia",574,122,0,12,24,28,16,18,33,31,129,57,13,13,186,81,14,14,23,34,88,55,24,29,24,23
1500000US110010096021,110010096021,"Block Group 1, Census Tract 96.02, District of Columbia, District of Columbia",575,169,0,12,36,49,7,12,61,52,67,55,26,39,134,76,52,41,10,15,67,54,78,69,37,46
1500000US110010096022,110010096022,"Block Group 2, Census Tract 96.02, District of Columbia, District of Columbia",612,181,6,11,22,29,74,82,39,63,62,54,8,13,127,109,29,33,68,83,88,76,34,54,55,61
1500000US110010096031,110010096031,"Block Group 1, Census Tract 96.03, District of Columbia, District of Columbia",566,186,0,12,12,19,48,70,16,21,148,98,0,12,132,111,36,44,31,42,103,76,28,35,12,19
1500000US110010096032,110010096032,"Block Group 2, Census Tract 96.03, District of Columbia, District of Columbia",230,108,0,12,36,61,7,11,45,49,27,33,11,16,53,47,0,12,0,12,6,13,30,32,15,22
1500000US110010096033,110010096033,"Block Group 3, Census Tract 96.03, District of Columbia, District of Columbia",372,154,0,12,0,12,0,12,20,33,75,67,25,26,74,57,18,31,14,22,87,87,38,45,21,36
1500000US110010096041,110010096041,"Block Group 1, Census Tract 96.04, District of Columbia, District of Columbia",509,112,0,12,0,12,39,30,81,35,37,23,6,10,148,100,14,20,39,39,69,42,43,27,33,19
1500000US110010096042,110010096042,"Block Group 2, Census Tract 96.04, District of Columbia, District of Columbia",421,117,14,13,0,12,79,63,32,28,74,45,40,38,62,44,8,13,20,21,19,17,69,78,4,7
1500000US110010097001,110010097001,"Block Group 1, Census Tract 97, District of Columbia, District of Columbia",675,188,0,12,0,12,21,25,39,41,54,49,20,26,190,146,22,34,65,43,141,74,107,98,16,25
1500000US110010097002,110010097002,"Block Group 2, Census Tract 97, District of Columbia, District of Columbia",319,103,0,12,0,12,22,31,63,60,30,31,9,16,27,28,7,12,86,67,42,41,28,34,5,11
1500000US110010098011,110010098011,"Block Group 1, Census Tract 98.01, District of Columbia, District of Columbia",581,144,44,44,33,28,27,29,36,30,89,53,15,12,50,29,9,13,42,25,68,39,149,63,19,21
1500000US110010098021,110010098021,"Block Group 1, Census Tract 98.02, District of Columbia, District of Columbia",44,23,0,12,14,16,0,12,0,12,11,12,0,12,0,12,0,12,5,9,14,17,0,12,0,12
1500000US110010098022,110010098022,"Block Group 2, Census Tract 98.02, District of Columbia, District of Columbia",411,91,0,12,36,52,0,12,37,25,13,13,5,8,40,27,25,23,5,7,108,54,66,31,76,40
1500000US110010098031,110010098031,"Block Group 1, Census Tract 98.03, District of Columbia, District of Columbia",280,124,0,12,19,24,33,32,80,44,0,12,34,38,45,43,0,12,5,10,29,30,35,34,0,12
1500000US110010098032,110010098032,"Block Group 2, Census Tract 98.03, District of Columbia, District of Columbia",285,145,0,12,0,12,0,12,26,27,29,33,0,12,50,47,11,17,0,12,62,47,51,44,56,51
1500000US110010098033,110010098033,"Block Group 3, Census Tract 98.03, District of Columbia, District of Columbia",282,107,0,12,0,12,44,43,104,83,25,32,13,23,8,12,0,12,16,19,40,35,11,17,21,27
1500000US110010098041,110010098041,"Block Group 1, Census Tract 98.04, District of Columbia, District of Columbia",584,133,0,12,22,16,19,20,49,27,38,30,23,24,117,51,20,22,55,33,111,46,121,58,9,9
1500000US110010098042,110010098042,"Block Group 2, Census Tract 98.04, District of Columbia, District of Columbia",339,97,0,12,26,20,26,31,34,30,15,18,15,15,81,42,7,10,4,6,81,42,41,39,9,9
1500000US110010098071,110010098071,"Block Group 1, Census Tract 98.07, District of Columbia, District of Columbia",238,91,0,12,11,17,10,15,9,15,23,21,0,12,36,40,23,19,25,26,55,40,37,36,9,14
1500000US110010098072,110010098072,"Block Group 2, Census Tract 98.07, District of Columbia, District of Columbia",815,196,11,17,13,20,73,47,75,62,120,74,23,29,212,115,65,37,9,13,136,73,41,41,37,41
1500000US110010098101,110010098101,"Block Group 1, Census Tract 98.10, District of Columbia, District of Columbia",493,176,0,12,23,38,79,62,10,20,0,12,0,12,74,68,9,13,11,19,79,64,180,94,28,35
1500000US110010098102,110010098102,"Block Group 2, Census Tract 98.10, District of Columbia, District of Columbia",543,136,0,12,44,68,0,12,8,18,12,21,10,17,40,48,51,52,70,71,104,68,77,60,127,87
1500000US110010098111,110010098111,"Block Group 1, Census Tract 98.11, District of Columbia, District of Columbia",455,206,0,12,0,12,8,14,0,12,67,101,0,12,174,134,22,35,0,12,59,60,47,46,78,90
1500000US110010098112,110010098112,"Block Group 2, Census Tract 98.11, District of Columbia, District of Columbia",929,203,62,59,57,65,8,16,75,63,34,40,27,35,41,48,36,45,84,75,157,89,171,94,177,85
1500000US110010099011,110010099011,"Block Group 1, Census Tract 99.01, District of Columbia, District of Columbia",419,134,0,12,0,12,8,13,87,64,21,18,28,28,60,44,11,18,0,12,127,105,53,50,24,26
1500000US110010099012,110010099012,"Block Group 2, Census Tract 99.01, District of Columbia, District of Columbia",720,222,0,12,10,16,32,29,83,46,156,111,71,48,201,105,0,12,16,19,91,40,60,41,0,12
1500000US110010099021,110010099021,"Block Group 1, Census Tract 99.02, District of Columbia, District of Columbia",383,153,0,12,15,22,30,47,11,17,80,58,0,12,91,72,33,39,8,13,61,57,43,37,11,18
1500000US110010099022,110010099022,"Block Group 2, Census Tract 99.02, District of Columbia, District of Columbia",782,219,0,12,0,12,27,44,135,97,206,142,45,30,168,105,16,19,33,32,54,42,89,71,9,14
1500000US110010099031,110010099031,"Block Group 1, Census Tract 99.03, District of Columbia, District of Columbia",567,104,0,12,16,26,49,74,26,23,52,46,5,8,171,76,26,23,10,16,128,78,56,44,28,34
1500000US110010099032,110010099032,"Block Group 2, Census Tract 99.03, District of Columbia, District of Columbia",294,115,0,12,0,12,0,12,17,29,35,30,47,46,69,45,8,12,35,40,10,11,73,55,0,12
1500000US110010099041,110010099041,"Block Group 1, Census Tract 99.04, District of Columbia, District of Columbia",251,102,0,12,0,12,6,9,44,40,19,22,17,13,83,50,0,12,30,27,38,31,7,10,7,10
1500000US110010099042,110010099042,"Block Group 2, Census Tract 99.04, District of Columbia, District of Columbia",630,143,24,26,6,9,44,35,18,20,64,39,43,33,175,69,17,25,25,26,84,54,103,83,27,20
1500000US110010099051,110010099051,"Block Group 1, Census Tract 99.05, District of Columbia, District of Columbia",478,131,0,12,22,42,77,59,12,20,56,39,0,12,112,81,31,34,0,12,111,85,49,46,8,16
1500000US110010099052,110010099052,"Block Group 2, Census Tract 99.05, District of Columbia, District of Columbia",301,102,7,12,0,12,0,12,29,43,89,71,18,28,24,27,0,12,15,23,81,60,16,23,22,27
1500000US110010099053,110010099053,"Block Group 3, Census Tract 99.05, District of Columbia, District of Columbia",287,107,0,12,0,12,18,21,37,40,44,41,11,19,96,69,5,11,9,15,4,16,48,42,15,24
1500000US110010099061,110010099061,"Block Group 1, Census Tract 99.06, District of Columbia, District of Columbia",629,112,13,20,5,8,5,7,36,24,63,39,34,28,215,95,55,42,21,21,99,49,35,30,48,31
1500000US110010099071,110010099071,"Block Group 1, Census Tract 99.07, District of Columbia, District of Columbia",205,119,0,12,0,12,0,12,51,43,0,12,28,34,10,17,15,24,59,62,13,23,11,20,18,29
1500000US110010099072,110010099072,"Block Group 2, Census Tract 99.07, District of Columbia, District of Columbia",634,157,0,12,0,12,0,12,81,67,107,63,25,32,127,83,0,12,22,31,147,85,69,57,56,61
1500000US110010101001,110010101001,"Block Group 1, Census Tract 101, District of Columbia, District of Columbia",1260,170,32,49,82,61,196,77,228,98,222,82,94,47,212,82,51,57,68,65,33,28,30,27,12,18
1500000US110010101002,110010101002,"Block Group 2, Census Tract 101, District of Columbia, District of Columbia",565,136,24,26,37,38,177,72,12,17,150,75,19,23,63,66,4,7,40,43,29,26,10,16,0,12
1500000US110010102001,110010102001,"Block Group 1, Census Tract 102, District of Columbia, District of Columbia",603,157,3,4,22,25,47,43,75,37,74,35,70,45,169,89,15,16,29,24,91,109,8,14,0,12
1500000US110010102002,110010102002,"Block Group 2, Census Tract 102, District of Columbia, District of Columbia",1022,186,20,22,19,19,116,64,148,67,275,103,89,54,168,77,71,55,53,55,39,41,16,17,8,13
1500000US110010103001,110010103001,"Block Group 1, Census Tract 103, District of Columbia, District of Columbia",353,111,0,12,62,51,14,33,15,18,14,20,11,13,46,37,43,50,22,18,78,47,42,48,6,9
1500000US110010103002,110010103002,"Block Group 2, Census Tract 103, District of Columbia, District of Columbia",494,178,0,12,0,12,9,16,74,60,37,32,46,40,105,57,58,45,7,11,124,80,34,46,0,12
1500000US110010103003,110010103003,"Block Group 3, Census Tract 103, District of Columbia, District of Columbia",538,126,0,12,0,12,15,16,33,43,31,27,25,22,149,107,4,8,60,51,152,67,69,51,0,12
1500000US110010104001,110010104001,"Block Group 1, Census Tract 104, District of Columbia, District of Columbia",688,203,27,42,21,33,61,78,54,45,117,78,16,19,192,99,21,32,29,33,65,48,47,46,38,37
1500000US110010104002,110010104002,"Block Group 2, Census Tract 104, District of Columbia, District of Columbia",881,194,6,12,35,32,23,26,10,15,95,79,49,50,161,91,69,64,28,31,183,81,167,120,55,49
1500000US110010105001,110010105001,"Block Group 1, Census Tract 105, District of Columbia, District of Columbia",820,224,18,27,56,52,83,85,54,40,113,90,82,64,141,99,17,28,111,112,82,95,42,47,21,33
1500000US110010105002,110010105002,"Block Group 2, Census Tract 105, District of Columbia, District of Columbia",1364,199,0,12,30,35,193,99,243,125,188,116,133,70,232,118,130,96,11,18,167,76,37,37,0,12
1500000US110010106001,110010106001,"Block Group 1, Census Tract 106, District of Columbia, District of Columbia",552,154,0,12,0,12,35,34,88,59,65,42,85,75,113,68,38,31,7,11,87,47,34,34,0,12
1500000US110010106002,110010106002,"Block Group 2, Census Tract 106, District of Columbia, District of Columbia",2933,313,39,47,208,89,111,51,320,107,485,119,200,83,650,132,275,187,244,124,228,101,142,98,31,24
1500000US110010106003,110010106003,"Block Group 3, Census Tract 106, District of Columbia, District of Columbia",408,144,0,12,11,18,17,17,83,58,90,63,32,29,23,24,11,15,23,21,76,56,20,29,22,33
1500000US110010107001,110010107001,"Block Group 1, Census Tract 107, District of Columbia, District of Columbia",475,113,0,12,88,52,82,51,62,48,114,64,24,20,34,27,0,12,19,19,31,27,12,10,9,21
1500000US110010107002,110010107002,"Block Group 2, Census Tract 107, District of Columbia, District of Columbia",704,207,8,14,17,19,73,48,172,113,88,46,84,35,86,49,12,2,19,21,102,83,43,44,0,12
1500000US110010108001,110010108001,"Block Group 1, Census Tract 108, District of Columbia, District of Columbia",482,156,21,28,90,60,113,52,88,67,49,33,16,22,32,42,7,18,6,10,35,39,0,12,25,31
1500000US110010108002,110010108002,"Block Group 2, Census Tract 108, District of Columbia, District of Columbia",734,161,33,37,134,72,123,66,128,74,72,52,15,24,117,68,5,10,13,20,57,45,33,31,4,8
1500000US110010108003,110010108003,"Block Group 3, Census Tract 108, District of Columbia, District of Columbia",840,259,37,26,226,114,183,124,54,40,101,65,18,22,134,89,15,20,25,34,35,32,6,11,6,16
1500000US110010109001,110010109001,"Block Group 1, Census Tract 109, District of Columbia, District of Columbia",659,205,28,44,0,12,70,63,107,90,66,55,41,53,132,78,20,31,56,53,76,59,44,41,19,18
1500000US110010109002,110010109002,"Block Group 2, Census Tract 109, District of Columbia, District of Columbia",472,155,33,72,34,39,0,12,29,35,48,38,17,26,118,80,25,24,38,41,56,39,31,31,43,38
1500000US110010110001,110010110001,"Block Group 1, Census Tract 110, District of Columbia, District of Columbia",494,353,0,12,34,55,4,31,36,37,109,120,11,18,55,63,26,28,10,16,113,135,70,93,26,40
1500000US110010110002,110010110002,"Block Group 2, Census Tract 110, District of Columbia, District of Columbia",515,137,20,35,70,56,51,47,96,69,44,45,21,34,98,63,42,44,35,29,21,34,17,27,0,12
1500000US110010110003,110010110003,"Block Group 3, Census Tract 110, District of Columbia, District of Columbia",402,185,0,12,16,26,66,83,94,71,120,101,0,12,8,14,51,83,0,12,40,64,0,12,7,13
1500000US110010110004,110010110004,"Block Group 4, Census Tract 110, District of Columbia, District of Columbia",857,179,0,12,0,12,166,97,154,100,83,59,11,17,145,87,85,58,90,79,89,65,34,41,0,12
1500000US110010111001,110010111001,"Block Group 1, Census Tract 111, District of Columbia, District of Columbia",635,166,0,12,4,10,50,48,84,48,131,85,11,14,148,95,10,12,68,53,44,39,51,36,34,27
1500000US110010111002,110010111002,"Block Group 2, Census Tract 111, District of Columbia, District of Columbia",983,248,2,5,108,88,106,78,173,82,172,86,56,46,141,99,0,12,22,33,130,65,55,40,18,24
1500000US110010111003,110010111003,"Block Group 3, Census Tract 111, District of Columbia, District of Columbia",515,156,0,12,38,39,29,40,93,76,112,74,14,22,92,79,0,12,13,18,47,31,59,44,18,41
